"","Group","Years","Months","HAZ_pop","HAZ_unwpop","HA_3_r","HA_3_se","HA_3_ll","HA_3_ul","HA_2_r","HA_2_se","HA_2_ll","HA_2_ul","HA_1_r","HA_1_se","HA_1_ll","HA_1_ul","HA1_r","HA1_se","HA1_ll","HA1_ul","HA2_r","HA2_se","HA2_ll","HA2_ul","HA3_r","HA3_se","HA3_ll","HA3_ul","HA_r","HA_se","HA_ll","HA_ul","HA_stdev","WAZ_pop","WAZ_unwpop","WA_3_r","WA_3_se","WA_3_ll","WA_3_ul","WA_2_r","WA_2_se","WA_2_ll","WA_2_ul","WA_1_r","WA_1_se","WA_1_ll","WA_1_ul","WA1_r","WA1_se","WA1_ll","WA1_ul","WA2_r","WA2_se","WA2_ll","WA2_ul","WA3_r","WA3_se","WA3_ll","WA3_ul","WA_r","WA_se","WA_ll","WA_ul","WA_stdev","BMIZ_pop","BMIZ_unwpop","BMI_3_r","BMI_3_se","BMI_3_ll","BMI_3_ul","BMI_2_r","BMI_2_se","BMI_2_ll","BMI_2_ul","BMI_1_r","BMI_1_se","BMI_1_ll","BMI_1_ul","BMI1_r","BMI1_se","BMI1_ll","BMI1_ul","BMI2_r","BMI2_se","BMI2_ll","BMI2_ul","BMI3_r","BMI3_se","BMI3_ll","BMI3_ul","BMI_r","BMI_se","BMI_ll","BMI_ul","BMI_stdev"
"1","All","Total (5-19)","(61-228)",2025,2025,6.91358024691358,0.56388339728796,5.886310680116,8.10468861723934,29.1851851851852,1.0105037478707,27.2436873620603,31.2056989445869,68.6913580246914,1.03080806179779,66.6351915292628,70.6765716378583,1.33333333333333,0.254946607042485,0.91562408509919,1.93787531010661,0.345679012345679,0.130460552511979,0.164780939925862,0.723729060743971,0.0493827160493827,0.0493827040125972,0.00694429834904368,0.350264885967789,-1.47602469135802,0.023678497595081,-1.52246143561982,-1.42958794709623,1.06553239177864,NA,NA,NA,NA,NA,NA,NA,NA,NA,NA,NA,NA,NA,NA,NA,NA,NA,NA,NA,NA,NA,NA,NA,NA,NA,NA,NA,NA,NA,NA,NA,2011,2011,13.873694679264,0.771019023149657,12.4295681634944,15.4559929206715,35.9025360517156,1.0700008074148,33.8321680035132,38.026787945807,69.3187468920935,1.02863907252973,67.2653587220237,71.2982900474162,0.596718050721034,0.171785327828856,0.339022304374713,1.04823181007615,0.149179512680259,0.0860858019409785,0.0480756175892378,0.461924100766261,0,0,2.8894502030637e-10,2.91199653928586e-10,-1.66467429139731,0.0264604927570719,-1.71656690537197,-1.61278167742266,1.18659895851148
"2","Sex: Female","Total (5-19)","(61-228)",1149,1149,5.83115752828547,0.691477642308148,4.6140195586463,7.34464368735046,28.1114012184508,1.32653403021919,25.5845760959135,30.7845461538175,67.2758920800696,1.38455681051837,64.5050606462632,69.9312515315149,1.39251523063533,0.345781741344181,0.854446005973287,2.26169261050932,0.435161009573542,0.194233942396566,0.181106738493411,1.04187960874817,0,0,2.7923002951196e-10,3.01331092735812e-10,-1.43150565709312,0.0307358947555989,-1.49178291407246,-1.37122840011379,1.04204737180443,NA,NA,NA,NA,NA,NA,NA,NA,NA,NA,NA,NA,NA,NA,NA,NA,NA,NA,NA,NA,NA,NA,NA,NA,NA,NA,NA,NA,NA,NA,NA,1147,1147,12.2929380993897,0.969774083358279,10.5140126949567,14.324668897737,32.8683522231909,1.38732452790148,30.2072060582424,35.6442051649413,66.3469921534438,1.39555837608103,63.557713760396,69.0268191408953,0.697471665213601,0.245792644675182,0.348973740531311,1.38914096448217,0.1743679163034,0.123219592485711,0.0435622808576545,0.695215348199848,0,0,2.79208645950424e-10,3.01354170573963e-10,-1.56828247602441,0.0344737879658823,-1.6358902483959,-1.50067470365292,1.16775652564428
"3","Sex: Male","Total (5-19)","(61-228)",876,876,8.33333333333333,0.934050155938106,6.67515203667821,10.3577090190145,30.5936073059361,1.5572924613229,27.627448960855,33.729802093616,70.5479452054795,1.5404765268721,67.4394655070348,73.4763795366908,1.25570776255708,0.376318345694237,0.69638570915494,2.25406819835043,0.228310502283105,0.161295298554815,0.0570404750192569,0.909158730872093,0.114155251141553,0.114118228440075,0.0160514780428724,0.807012241838455,-1.53441780821918,0.0369314407313531,-1.60684537088759,-1.46199024555076,1.09342544488525,NA,NA,NA,NA,NA,NA,NA,NA,NA,NA,NA,NA,NA,NA,NA,NA,NA,NA,NA,NA,NA,NA,NA,NA,NA,NA,NA,NA,NA,NA,NA,864,864,15.9722222222222,1.24664957602648,13.676051218605,18.5709764133973,39.9305555555556,1.66659381815266,36.7112901064407,43.2392524628273,73.2638888888889,1.50606732054643,70.2089074042686,76.1121814142312,0.462962962962963,0.231002011382985,0.173722749123413,1.22785127090653,0.115740740740741,0.115702285552035,0.0162743837433784,0.818154566116967,0,0,2.75771551292066e-10,3.05110115685894e-10,-1.79263888888889,0.0408087456809726,-1.87267037227261,-1.71260740550517,1.19991640306257
"4","Age Group 1: 61-71 mo","5","(61-71)",0,0,NA,NA,NA,NA,NA,NA,NA,NA,NA,NA,NA,NA,NA,NA,NA,NA,NA,NA,NA,NA,NA,NA,NA,NA,NA,NA,NA,NA,NA,0,0,NA,NA,NA,NA,NA,NA,NA,NA,NA,NA,NA,NA,NA,NA,NA,NA,NA,NA,NA,NA,NA,NA,NA,NA,NA,NA,NA,NA,NA,0,0,NA,NA,NA,NA,NA,NA,NA,NA,NA,NA,NA,NA,NA,NA,NA,NA,NA,NA,NA,NA,NA,NA,NA,NA,NA,NA,NA,NA,NA
"5","Age Group 1: 72-83 mo","6","(72-83)",0,0,NA,NA,NA,NA,NA,NA,NA,NA,NA,NA,NA,NA,NA,NA,NA,NA,NA,NA,NA,NA,NA,NA,NA,NA,NA,NA,NA,NA,NA,0,0,NA,NA,NA,NA,NA,NA,NA,NA,NA,NA,NA,NA,NA,NA,NA,NA,NA,NA,NA,NA,NA,NA,NA,NA,NA,NA,NA,NA,NA,0,0,NA,NA,NA,NA,NA,NA,NA,NA,NA,NA,NA,NA,NA,NA,NA,NA,NA,NA,NA,NA,NA,NA,NA,NA,NA,NA,NA,NA,NA
"6","Age Group 1: 84-95 mo","7","(84-95)",0,0,NA,NA,NA,NA,NA,NA,NA,NA,NA,NA,NA,NA,NA,NA,NA,NA,NA,NA,NA,NA,NA,NA,NA,NA,NA,NA,NA,NA,NA,0,0,NA,NA,NA,NA,NA,NA,NA,NA,NA,NA,NA,NA,NA,NA,NA,NA,NA,NA,NA,NA,NA,NA,NA,NA,NA,NA,NA,NA,NA,0,0,NA,NA,NA,NA,NA,NA,NA,NA,NA,NA,NA,NA,NA,NA,NA,NA,NA,NA,NA,NA,NA,NA,NA,NA,NA,NA,NA,NA,NA
"7","Age Group 1: 96-107 mo","8","(96-107)",0,0,NA,NA,NA,NA,NA,NA,NA,NA,NA,NA,NA,NA,NA,NA,NA,NA,NA,NA,NA,NA,NA,NA,NA,NA,NA,NA,NA,NA,NA,0,0,NA,NA,NA,NA,NA,NA,NA,NA,NA,NA,NA,NA,NA,NA,NA,NA,NA,NA,NA,NA,NA,NA,NA,NA,NA,NA,NA,NA,NA,0,0,NA,NA,NA,NA,NA,NA,NA,NA,NA,NA,NA,NA,NA,NA,NA,NA,NA,NA,NA,NA,NA,NA,NA,NA,NA,NA,NA,NA,NA
"8","Age Group 1: 108-119 mo","9","(108-119)",0,0,NA,NA,NA,NA,NA,NA,NA,NA,NA,NA,NA,NA,NA,NA,NA,NA,NA,NA,NA,NA,NA,NA,NA,NA,NA,NA,NA,NA,NA,0,0,NA,NA,NA,NA,NA,NA,NA,NA,NA,NA,NA,NA,NA,NA,NA,NA,NA,NA,NA,NA,NA,NA,NA,NA,NA,NA,NA,NA,NA,0,0,NA,NA,NA,NA,NA,NA,NA,NA,NA,NA,NA,NA,NA,NA,NA,NA,NA,NA,NA,NA,NA,NA,NA,NA,NA,NA,NA,NA,NA
"9","Age Group 1: 120-131 mo","10","(120-131)",305,305,1.31147540983607,0.651584340342253,0.492682671625145,3.44392990090984,14.0983606557377,1.99316048360891,10.6224060763808,18.4766109259371,51.8032786885246,2.86183509822049,46.191694824627,57.3697411236279,4.59016393442623,1.19858243015112,2.7358353176227,7.60309547615873,1.31147540983607,0.65158434034226,0.492682671625154,3.44392990090979,0.327868852459016,0.327411693839014,0.0460898865043716,2.29283805793265,-0.969016393442623,0.0597602305618805,-1.08621430823789,-0.851818478647358,1.04512481141771,305,305,10.8196721311475,1.77909367944056,7.79242474381781,14.8337682930409,50.8196721311475,2.86331331892764,45.2175554091659,56.4012792007387,83.2786885245902,2.13726976077548,78.659323682363,87.0626110004332,1.31147540983607,0.65158434034226,0.49268267162512,3.44392990090978,0,0,2.61542176680477e-10,3.21709832752839e-10,0,0,2.61542176680477e-10,3.21709832752839e-10,-1.82537704918033,0.0614773273818482,-1.94594242365421,-1.70481167470645,1.07515448957125,303,303,19.8019801980198,2.28992876782035,15.6896615017093,24.6766773150971,45.5445544554455,2.86170410436034,40.0117351655838,51.1895902121245,72.6072607260726,2.56267538646319,67.3068911326244,77.3376434439763,0.66006600660066,0.465309004261743,0.164949043913017,2.6026013219409,0,0,2.61437211331729e-10,3.21838997169376e-10,0,0,2.61437211331729e-10,3.21838997169376e-10,-1.89442244224422,0.073465667503562,-2.03849857715043,-1.75034630733801,1.28059475050264
"10","Age Group 1: 132-143 mo","11","(132-143)",182,182,4.94505494505495,1.6074755581193,2.59135815880392,9.23392649518645,27.4725274725275,3.30957356976166,21.4750523394371,34.4109629345571,69.2307692307692,3.42199489974513,62.1492096093779,75.5095185845486,3.2967032967033,1.32382942790467,1.48749731518313,7.14676292534284,1.0989010989011,0.772949858905301,0.274679804432347,4.28994058077905,0,0,2.52496948992586e-10,3.33234481657732e-10,-1.38087912087912,0.0831887271183319,-1.54402349400274,-1.2177347477555,1.12509559898458,0,0,NA,NA,NA,NA,NA,NA,NA,NA,NA,NA,NA,NA,NA,NA,NA,NA,NA,NA,NA,NA,NA,NA,NA,NA,NA,NA,NA,NA,NA,182,182,16.4835164835165,2.75094870947615,11.7680944744034,22.6043248183296,39.5604395604396,3.62545619976271,32.7133655013668,46.8429406509151,71.978021978022,3.3298203851936,65.0129119341528,78.0252181318346,1.64835164835165,0.94403308427339,0.532096086432332,4.98888795423905,0.549450549450549,0.548074200859222,0.077217419151528,3.79986164764698,0,0,2.52496948992586e-10,3.33234481657732e-10,-1.71956043956044,0.0967414232923143,-1.90928348744,-1.52983739168088,1.30839061199798
"11","Age Group 1: 144-155 mo","12","(144-155)",286,286,6.99300699300699,1.50839095769068,4.55386136480071,10.5936068451779,31.8181818181818,2.75483826011786,26.6750021376727,37.4465830905368,68.5314685314685,2.74667575844259,62.9140252713198,73.6543440196924,1.3986013986014,0.694564614699657,0.525475089759934,3.66899888927766,0.34965034965035,0.349124666736301,0.049150485158491,2.44247284742262,0,0,2.60505459007226e-10,3.22990121736297e-10,-1.45657342657343,0.063124162053327,-1.58036846712615,-1.3327783860207,1.06913383856515,0,0,NA,NA,NA,NA,NA,NA,NA,NA,NA,NA,NA,NA,NA,NA,NA,NA,NA,NA,NA,NA,NA,NA,NA,NA,NA,NA,NA,NA,NA,281,281,18.5053380782918,2.31721903271703,14.3832999312585,23.4846561080239,43.7722419928826,2.96025261325041,38.0768326896291,49.6366813394919,77.2241992882562,2.50246221016292,71.950066195068,81.7580808729487,0.355871886120996,0.355325756754524,0.0500246659316304,2.48515324545921,0,0,2.60217031133154e-10,3.23348128104045e-10,0,0,2.60217031133154e-10,3.23348128104045e-10,-1.90181494661922,0.0702475061902446,-2.0395798308517,-1.76405006238673,1.17933585897468
"12","Age Group 1: 156-167 mo","13","(156-167)",217,217,12.4423963133641,2.24117740629094,8.66981643890256,17.5412820815871,38.7096774193548,3.30737178071437,32.455424596948,45.3597783335787,71.889400921659,3.05242336858369,65.5377110277864,77.4728136512255,0.460829493087558,0.459879900407369,0.0647701005378118,3.20115510393826,0,0,2.55772653059419e-10,3.28966716774783e-10,0,0,2.55772653059419e-10,3.28966716774783e-10,-1.64880184331797,0.075841098290353,-1.79753652007275,-1.5000671665632,1.11951603399279,0,0,NA,NA,NA,NA,NA,NA,NA,NA,NA,NA,NA,NA,NA,NA,NA,NA,NA,NA,NA,NA,NA,NA,NA,NA,NA,NA,NA,NA,NA,212,212,16.0377358490566,2.52088376957978,11.6854094047045,21.6143789091629,40.0943396226415,3.36677959025405,33.70577271134,46.8382754015329,75.4716981132075,2.95573181021766,69.2280532383669,80.7998570916921,1.88679245283019,0.93468446729004,0.709362841247607,4.92169418835304,0.471698113207547,0.470700424625646,0.0662968067337713,3.27486793761569,0,0,2.55350730650128e-10,3.29510276721947e-10,-1.78198113207547,0.0850961605207575,-1.94886624072292,-1.61509602342802,1.24157721350936
"13","Age Group 1: 168-179 mo","14","(168-179)",221,221,15.3846153846154,2.42761048795613,11.2000314025894,20.7670203412229,43.4389140271493,3.33510388536933,37.0476529408671,50.0560489292584,78.7330316742081,2.75322875306596,72.8384014848915,83.6358082974184,0,0,2.56100718399346e-10,3.28545310000296e-10,0,0,2.56100718399346e-10,3.28545310000296e-10,0,0,2.56100718399346e-10,3.28545310000296e-10,-1.83185520361991,0.0716472977530474,-1.97236526889949,-1.69134513834033,1.06725733576499,0,0,NA,NA,NA,NA,NA,NA,NA,NA,NA,NA,NA,NA,NA,NA,NA,NA,NA,NA,NA,NA,NA,NA,NA,NA,NA,NA,NA,NA,NA,221,221,17.1945701357466,2.53884441000943,12.7683439236994,22.7549233757274,43.4389140271493,3.33510388536933,37.0476529408671,50.0560489292584,72.8506787330317,2.9923149785067,66.6046232257313,78.3089655540551,0,0,2.56100718399346e-10,3.28545310000296e-10,0,0,2.56100718399346e-10,3.28545310000296e-10,0,0,2.56100718399346e-10,3.28545310000296e-10,-1.78502262443439,0.0820732197624152,-1.94597933638563,-1.62406591248314,1.22256175191986
"14","Age Group 1: 180-191 mo","15","(180-191)",223,223,8.07174887892377,1.82458055572028,5.14234598343056,12.4508828171543,30.0448430493274,3.07078605543134,24.3849043215894,36.3863330097412,69.9551569506726,3.07078605543135,63.6136669902586,75.6150956784104,0.448430493273543,0.447534320906828,0.0630283726360262,3.11696466383351,0,0,2.56261718485837e-10,3.28338896714251e-10,0,0,2.56261718485837e-10,3.28338896714251e-10,-1.5757399103139,0.0732647794316612,-1.71942207647346,-1.43205774415434,1.09626732148539,0,0,NA,NA,NA,NA,NA,NA,NA,NA,NA,NA,NA,NA,NA,NA,NA,NA,NA,NA,NA,NA,NA,NA,NA,NA,NA,NA,NA,NA,NA,221,221,13.5746606334842,2.3046026359794,9.65361960285462,18.7576640471322,31.6742081447964,3.1300857613383,25.8759039766953,38.1038957287898,64.7058823529412,3.21539301056779,58.176357383423,70.7289161534599,0,0,2.56100718399346e-10,3.28545310000296e-10,0,0,2.56100718399346e-10,3.28545310000296e-10,0,0,2.56100718399346e-10,3.28545310000296e-10,-1.58846153846154,0.0795514185974686,-1.74447265640685,-1.43245042051623,1.18498500814365
"15","Age Group 1: 192-203 mo","16","(192-203)",187,187,5.88235294117647,1.7210655854907,3.285507974738,10.3128625019136,26.2032085561497,3.21649090147646,20.3973250351859,32.9770586160831,66.8449197860963,3.44346438302713,59.7839423434082,73.2214646164794,0,0,2.53015788756802e-10,3.32551143670265e-10,0,0,2.53015788756802e-10,3.32551143670265e-10,0,0,2.53015788756802e-10,3.32551143670265e-10,-1.51208556149733,0.0715154463797815,-1.6523370483567,-1.37183407463795,0.980342508259275,0,0,NA,NA,NA,NA,NA,NA,NA,NA,NA,NA,NA,NA,NA,NA,NA,NA,NA,NA,NA,NA,NA,NA,NA,NA,NA,NA,NA,NA,NA,186,186,8.60215053763441,2.05646910583698,5.33440334929687,13.5844036966883,30.1075268817204,3.36436748568442,23.9443693572872,37.0835621230572,63.9784946236559,3.52085888931048,56.8275350352238,70.5586405338697,0.537634408602151,0.536319517262668,0.0755579360727845,3.72034086775774,0,0,2.5291355666844e-10,3.32685566665877e-10,0,0,2.5291355666844e-10,3.32685566665877e-10,-1.47618279569892,0.0785092763951209,-1.63015013148532,-1.32221545991253,1.07333335070041
"16","Age Group 1: 204-215 mo","17","(204-215)",144,144,4.16666666666667,1.6656301905392,1.88253501032664,8.96886605124539,27.7777777777778,3.73344777833195,21.0739296747317,35.6509125128647,76.3888888888889,3.53996702683908,68.7661447891104,82.6214227848677,0,0,2.47786605701086e-10,3.39569161455086e-10,0,0,2.47786605701086e-10,3.39569161455086e-10,0,0,2.47786605701086e-10,3.39569161455086e-10,-1.59479166666667,0.0736361537409942,-1.73920214820006,-1.45038118513327,0.886477961270002,0,0,NA,NA,NA,NA,NA,NA,NA,NA,NA,NA,NA,NA,NA,NA,NA,NA,NA,NA,NA,NA,NA,NA,NA,NA,NA,NA,NA,NA,NA,145,145,3.44827586206897,1.51566831044724,1.4414582762515,8.02161663143397,24.1379310344828,3.55455726499335,17.8606148309625,31.7681990731982,60,4.06938494056105,51.8226784234613,67.6556334390144,0.689655172413793,0.687442529057973,0.096904293915615,4.7362917881317,0.689655172413793,0.687442529057973,0.096904293915615,4.7362917881317,0,0,2.47931833785609e-10,3.39370256061699e-10,-1.31503448275862,0.084971091109205,-1.48167431333233,-1.14839465218492,1.02648072189096
"17","Age Group 1: 216-227 mo","18","(216-227)",172,172,4.06976744186047,1.50697301503035,1.95119836585626,8.29404865273253,27.3255813953488,3.39874372635932,21.1850462719286,34.4675962059446,73.2558139534884,3.37581525877604,66.1440414960531,79.340299461239,0,0,2.51397983683517e-10,3.34691188389209e-10,0,0,2.51397983683517e-10,3.34691188389209e-10,0,0,2.51397983683517e-10,3.34691188389209e-10,-1.50122093023256,0.0643446994092436,-1.62740961002828,-1.37503225043684,0.846127897389425,0,0,NA,NA,NA,NA,NA,NA,NA,NA,NA,NA,NA,NA,NA,NA,NA,NA,NA,NA,NA,NA,NA,NA,NA,NA,NA,NA,NA,NA,NA,172,172,4.65116279069767,1.60613261420713,2.34151994760649,9.02838928737642,19.1860465116279,3.00316264654505,13.96958349439,25.7670000754408,61.046511627907,3.71917431889962,53.5575858073698,68.0482738510476,0,0,2.51397983683517e-10,3.34691188389209e-10,0,0,2.51397983683517e-10,3.34691188389209e-10,0,0,2.51397983683517e-10,3.34691188389209e-10,-1.28936046511628,0.0696096931972075,-1.42587451159077,-1.15284641864179,0.915362164772424
"18","Age Group 1: 228-228 mo","19","(228-228)",88,88,4.54545454545455,2.22102161079445,1.71507612031843,11.5002429900641,27.2727272727273,4.74874395212206,18.9946755844743,37.4888279226567,72.7272727272727,4.74874395212206,62.5111720773433,81.0053244155257,1.13636363636364,1.13016738991266,0.15958221857223,7.63470413440804,0,0,2.36418355173217e-10,3.55897450754437e-10,0,0,2.36418355173217e-10,3.55897450754437e-10,-1.60068181818182,0.107090183722759,-1.81070018841473,-1.39066344794891,1.010102755049,0,0,NA,NA,NA,NA,NA,NA,NA,NA,NA,NA,NA,NA,NA,NA,NA,NA,NA,NA,NA,NA,NA,NA,NA,NA,NA,NA,NA,NA,NA,88,88,6.81818181818182,2.68760658805413,3.0931237481569,14.3643702542596,15.9090909090909,3.89998577815559,9.65012863691563,25.0997906664177,57.9545454545455,5.26343295958274,47.4346012321607,67.7983808763358,0,0,2.36418355173217e-10,3.55897450754437e-10,0,0,2.36418355173217e-10,3.55897450754437e-10,0,0,2.36418355173217e-10,3.55897450754437e-10,-1.3175,0.0919437896531599,-1.4978142378202,-1.1371857621798,0.867237985871197
"19","Age Group 2: 61-119 mo","Total (5-9)","(61-119)",0,0,NA,NA,NA,NA,NA,NA,NA,NA,NA,NA,NA,NA,NA,NA,NA,NA,NA,NA,NA,NA,NA,NA,NA,NA,NA,NA,NA,NA,NA,0,0,NA,NA,NA,NA,NA,NA,NA,NA,NA,NA,NA,NA,NA,NA,NA,NA,NA,NA,NA,NA,NA,NA,NA,NA,NA,NA,NA,NA,NA,0,0,NA,NA,NA,NA,NA,NA,NA,NA,NA,NA,NA,NA,NA,NA,NA,NA,NA,NA,NA,NA,NA,NA,NA,NA,NA,NA,NA,NA,NA
"20","Age Group 2: 120-179 mo","Total (10-14)","(120-179)",1211,1211,7.76218001651528,0.769097593542836,6.38180411951557,9.41111485121568,30.0578034682081,1.3179026647396,27.5381644155733,32.7039324105919,66.8868703550784,1.35271291003242,64.1825502681083,69.484086786141,2.06440957886045,0.408698729805285,1.39820108311417,3.03826890057637,0.578034682080925,0.217897979199042,0.275640124779968,1.20815600660884,0.0825763831544178,0.0825626500554277,0.011611590334635,0.584709712270418,-1.42533443435178,0.0321995683404204,-1.48848215368491,-1.36218671501864,1.12071247381732,305,305,10.8196721311475,1.77909367944056,7.79242474381781,14.8337682930409,50.8196721311475,2.86331331892764,45.2175554091659,56.4012792007387,83.2786885245902,2.13726976077548,78.659323682363,87.0626110004332,1.31147540983607,0.65158434034226,0.49268267162512,3.44392990090978,0,0,2.61542176680477e-10,3.21709832752839e-10,0,0,2.61542176680477e-10,3.21709832752839e-10,-1.82537704918033,0.0614773273818482,-1.94594242365421,-1.70481167470645,1.07383358621281,1199,1199,17.8482068390325,1.10612289367465,15.7810472393638,20.1214500565517,42.8690575479566,1.42956933721604,40.0911864417876,45.692602587415,74.1451209341118,1.26476577984685,71.5884367427152,76.5471080672714,0.834028356964137,0.262705585429563,0.449088510664379,1.54380567818561,0.166805671392827,0.117880088226155,0.0416728297818276,0.66518000647777,0,0,2.7975541412765e-10,3.00765188693192e-10,-1.82956630525438,0.0359260109087895,-1.90002208371832,-1.75911052679043,1.24420136506473
"21","Age Group 2: 180-228 mo","Total (15-19)","(180-228)",814,814,5.65110565110565,0.809524640331688,4.25778973184304,7.46481995137494,27.8869778869779,1.57218093574919,24.910460305906,31.0719837423382,71.3759213759214,1.58466174271069,68.170126809508,74.380183439773,0.245700245700246,0.17356556203085,0.0613856907473861,0.978015600493084,0,0,2.75045270609591e-10,3.05915785176514e-10,0,0,2.75045270609591e-10,3.05915785176514e-10,-1.55143734643735,0.0341083562018003,-1.61832845757196,-1.48454623530273,0.9734921197074,0,0,NA,NA,NA,NA,NA,NA,NA,NA,NA,NA,NA,NA,NA,NA,NA,NA,NA,NA,NA,NA,NA,NA,NA,NA,NA,NA,NA,NA,NA,812,812,8.00492610837438,0.952555061866226,6.32481917883631,10.0832917928908,25.615763546798,1.53222747915749,22.7278932693,28.7341254429505,62.192118226601,1.70211142481738,58.8010462101272,65.4679894932916,0.246305418719212,0.173992535638075,0.061536907770831,0.980410868658172,0.123152709359606,0.123107223648132,0.0173164290191787,0.870219655453544,0,0,2.75015197574488e-10,3.05949237204885e-10,-1.42119458128079,0.0368484927410243,-1.49345947169356,-1.34892969086801,1.05040599269439
"22","Age + Sex: Female.61-119 mo","Total (5-9)","(61-119)",0,0,NA,NA,NA,NA,NA,NA,NA,NA,NA,NA,NA,NA,NA,NA,NA,NA,NA,NA,NA,NA,NA,NA,NA,NA,NA,NA,NA,NA,NA,0,0,NA,NA,NA,NA,NA,NA,NA,NA,NA,NA,NA,NA,NA,NA,NA,NA,NA,NA,NA,NA,NA,NA,NA,NA,NA,NA,NA,NA,NA,0,0,NA,NA,NA,NA,NA,NA,NA,NA,NA,NA,NA,NA,NA,NA,NA,NA,NA,NA,NA,NA,NA,NA,NA,NA,NA,NA,NA,NA,NA
"23","Age + Sex: Male.61-119 mo","Total (5-9)","(61-119)",0,0,NA,NA,NA,NA,NA,NA,NA,NA,NA,NA,NA,NA,NA,NA,NA,NA,NA,NA,NA,NA,NA,NA,NA,NA,NA,NA,NA,NA,NA,0,0,NA,NA,NA,NA,NA,NA,NA,NA,NA,NA,NA,NA,NA,NA,NA,NA,NA,NA,NA,NA,NA,NA,NA,NA,NA,NA,NA,NA,NA,0,0,NA,NA,NA,NA,NA,NA,NA,NA,NA,NA,NA,NA,NA,NA,NA,NA,NA,NA,NA,NA,NA,NA,NA,NA,NA,NA,NA,NA,NA
"24","Age + Sex: Female.120-179 mo","Total (10-14)","(120-179)",645,645,7.75193798449612,1.05320052498135,5.92242183017165,10.086025550747,31.1627906976744,1.82413550125517,27.7021425700895,34.8473797467943,66.9767441860465,1.85224852242049,63.2486649197398,70.503014152707,2.32558139534884,0.593585776914256,1.4061523082384,3.8228797773474,0.775193798449612,0.345416095766187,0.322782624403066,1.84993477443067,0,0,2.72148010731994e-10,3.09172533325371e-10,-1.41827906976744,0.0447999759012532,-1.50613789676892,-1.33042024276596,1.13837902607974,173,173,12.7167630057803,2.53359861642026,8.51857565727248,18.5640791563321,54.3352601156069,3.78804798330821,46.8651431060413,61.6153367859029,83.2369942196532,2.84065338213467,76.9103471763062,88.0983745825129,1.73410404624277,0.992711578234125,0.559830697221342,5.24164181861419,0,0,2.51511792749626e-10,3.34539740653183e-10,0,0,2.51511792749626e-10,3.34539740653183e-10,-1.83086705202312,0.0867122905719161,-2.00092161082585,-1.6608124932204,1.14112431138063,642,642,17.7570093457944,1.50859963625821,14.9887273975737,20.9108056507893,42.3676012461059,1.95069749281219,38.5948477536655,46.2314872224013,73.5202492211838,1.74180716110536,69.9667921181226,76.7927243362018,1.09034267912773,0.409959065401974,0.520346894221583,2.27046983233787,0.155763239875389,0.155680288051792,0.0219009043052567,1.09882421956371,0,0,2.72088639023792e-10,3.09239997009301e-10,-1.80160436137072,0.0494534951657036,-1.89858937060285,-1.70461935213859,1.25370036704403
"25","Age + Sex: Male.120-179 mo","Total (10-14)","(120-179)",566,566,7.77385159010601,1.12575555019299,5.83367969158296,10.2887852925227,28.7985865724382,1.90383292088306,25.2132249866316,32.6710638021551,66.7844522968198,1.98019213668793,62.7939582416879,70.5476936163915,1.76678445229682,0.553885381149215,0.952697638773359,3.25366284355643,0.353356890459364,0.249480759133421,0.0882879371736291,1.40307276718133,0.176678445229682,0.176565858730874,0.0248410268594352,1.2450436134345,-1.43337455830389,0.0462567053384103,-1.52409022924406,-1.34265888736371,1.10118363879983,132,132,8.33333333333333,2.40621973696169,4.67240583117041,14.4285189388424,46.2121212121212,4.34050588002642,37.888952931405,54.7519212549977,83.3333333333333,3.24454603143182,75.9748706001176,88.7711318390931,0.757575757575758,0.7548869277872,0.106438870115241,5.18525974193472,0,0,2.45927940013931e-10,3.42135545529849e-10,0,0,2.45927940013931e-10,3.42135545529849e-10,-1.81818181818182,0.0852182111992409,-1.98530628475816,-1.65105735160548,0.979707013809078,557,557,17.9533213644524,1.62660634149051,14.9812014718341,21.3668922073526,43.4470377019749,2.10081263602146,39.3812557968799,47.6029483276259,74.8653500897666,1.83846940276779,71.0916058379392,78.2968564107865,0.538599640933573,0.310198626706151,0.1736481647778,1.65782164754293,0.179533213644524,0.179416242427475,0.0252423198046078,1.26497733019237,0,0,2.70248365260562e-10,3.11345786815763e-10,-1.86179533213645,0.0522312434497096,-1.96422788237788,-1.75936278189501,1.23348763553088
"26","Age + Sex: Female.180-228 mo","Total (15-19)","(180-228)",504,504,3.37301587301587,0.804359675920523,2.1061006438175,5.3603080098447,24.2063492063492,1.90841554725009,20.6624407160188,28.1424804268163,67.6587301587302,2.08416616364546,63.4446411797086,71.6044465680088,0.198412698412698,0.198264674655163,0.0278961259506961,1.39665967431951,0,0,2.68911748235981e-10,3.12893320837381e-10,0,0,2.68911748235981e-10,3.12893320837381e-10,-1.44843253968254,0.0402710475168397,-1.52740952406193,-1.36945555530315,0.904755978820284,0,0,NA,NA,NA,NA,NA,NA,NA,NA,NA,NA,NA,NA,NA,NA,NA,NA,NA,NA,NA,NA,NA,NA,NA,NA,NA,NA,NA,NA,NA,505,505,5.34653465346535,1.00130392151203,3.69050621751178,7.68636081907924,20.7920792079208,1.80632017173869,17.4710787374286,24.5565180684901,57.2277227722772,2.20214485781751,52.86469205845,61.4811584745737,0.198019801980198,0.197872460827576,0.0278408994805501,1.39392183949375,0.198019801980198,0.197872460827576,0.0278408994805501,1.39392183949375,0,0,2.68938606191205e-10,3.12862073278824e-10,-1.27166336633663,0.0432071984115965,-1.35639854072223,-1.18692819195104,0.971684026199047
"27","Age + Sex: Male.180-228 mo","Total (15-19)","(180-228)",310,310,9.35483870967742,1.65430953147587,6.57639380699819,13.1420140280491,33.8709677419355,2.68866190089062,28.8135001432233,39.3257445463912,77.4193548387097,2.3753042945172,72.4257230987295,81.7366948201337,0.32258064516129,0.322139405445908,0.0453467960775351,2.25645936944322,0,0,2.61800572712965e-10,3.21392306540183e-10,0,0,2.61800572712965e-10,3.21392306540183e-10,-1.71890322580645,0.0599036996472785,-1.83638250293061,-1.60142394868229,1.05615812765156,0,0,NA,NA,NA,NA,NA,NA,NA,NA,NA,NA,NA,NA,NA,NA,NA,NA,NA,NA,NA,NA,NA,NA,NA,NA,NA,NA,NA,NA,NA,307,307,12.3778501628664,1.88004190237929,9.13654163338638,16.5594916201553,33.5504885993485,2.69546245344607,28.4855777982695,39.0245404604979,70.3583061889251,2.60703680478598,65.0051676404422,75.2049205444929,0.325732899022801,0.325282203944471,0.0457897469150527,2.2781467260422,0,0,2.61646216570345e-10,3.21581909421717e-10,0,0,2.61646216570345e-10,3.21581909421717e-10,-1.6671661237785,0.0642683380056219,-1.79320504850816,-1.54112719904884,1.12761465157075
