id,sex,Age,agemons,weight,height,District,Cluster
1,1,19,228,66,173.4,2,42
2,1,17,204,65,164.8,2,68
3,1,19,228,63,164,2,54
4,1,17,204,63,168.8,3,90
5,1,18,216,61.5,164,3,84
6,1,18,216,61,163.1,2,64
7,1,16,192,61,172,1,27
8,2,18,216,60,157.1,3,85
9,2,15,180,60,162.5,2,57
10,2,15,180,60,164.5,3,73
11,1,19,228,60,168.9,1,20
12,1,18,216,60,169,2,55
13,1,19,228,60,170.8,3,76
14,1,18,216,60,173.5,3,80
15,2,13,156,59,147.5,1,20
16,2,17,204,59,156.1,3,88
17,1,17,204,59,173.3,1,10
18,1,18,216,56,170.1,3,79
19,1,18,216,56,173,2,47
20,1,15,180,56,174.4,3,85
21,1,17,204,56,175.5,1,21
22,1,17,204,55.5,172,1,14
23,2,18,216,55,150.6,2,63
24,2,18,216,55,155.2,2,41
25,1,16,192,55,158.2,2,66
26,1,16,192,55,158.8,3,89
27,1,18,216,55,163.2,2,42
28,1,14,168,55,163.5,2,58
29,1,16,192,55,163.9,3,87
30,1,18,216,55,167,2,57
31,1,14,168,55,167.2,2,40
32,1,18,216,55,168,2,57
33,1,18,216,55,168.4,1,13
34,1,16,192,55,168.8,3,88
35,1,16,192,55,170.4,2,48
36,1,19,228,55,172.2,2,69
37,1,18,216,55,172.7,1,39
38,1,18,216,54.5,171.8,3,84
39,1,18,216,54.4,158.4,3,85
40,1,17,204,54,154,1,12
41,1,19,228,54,160.3,2,63
42,1,18,216,54,164.4,3,85
43,1,19,228,54,165.4,2,45
44,1,18,216,54,168,1,10
45,1,17,204,54,168.4,2,46
46,1,18,216,54,168.5,2,57
47,1,16,192,54,170.6,2,58
48,1,19,228,54,171,2,57
49,2,13,156,53.5,163.3,2,50
50,1,18,216,53.3,157.1,3,85
51,2,15,180,53.1,160.7,3,72
52,2,18,216,53,152.4,3,89
53,1,16,192,53,156.7,1,20
54,2,16,192,53,158.3,3,88
55,2,17,204,53,159,2,42
56,2,16,192,53,159.5,1,16
57,2,19,228,53,160,1,19
58,2,17,204,53,160.3,1,23
59,1,15,180,53,160.6,1,18
60,2,18,216,53,160.8,1,24
61,1,18,216,53,161,1,28
62,1,17,204,53,161.3,2,54
63,2,19,228,53,162,1,29
64,1,19,228,53,163.6,3,71
65,2,16,192,53,163.8,3,86
66,1,17,204,53,166.5,1,16
67,1,17,204,53,166.5,3,80
68,1,16,192,53,167.1,2,65
69,1,15,180,53,168.4,3,72
70,1,17,204,53,169,1,15
71,1,16,192,53,171.5,3,85
72,2,17,204,52.5,153.8,2,55
73,2,17,204,52.5,158.5,2,60
74,1,17,204,52.5,161.1,2,62
75,1,18,216,52.3,169.1,1,11
76,2,14,168,52.1,156,3,87
77,1,15,180,52.1,166.4,1,11
78,1,18,216,52.1,167.4,1,10
79,1,16,192,52.1,168,1,17
80,1,19,228,52.1,171.5,1,16
81,1,17,204,52.1,172.6,3,77
82,2,17,204,52,151.5,3,84
83,2,18,216,52,152.4,3,89
84,2,16,192,52,152.8,1,17
85,2,18,216,52,154.2,3,75
86,2,17,204,52,155.8,3,88
87,2,18,216,52,158.4,2,64
88,1,19,228,52,160.8,1,17
89,1,19,228,52,161.1,2,56
90,1,19,228,52,161.8,1,18
91,2,19,228,52,162.4,3,75
92,1,18,216,52,162.5,1,20
93,1,19,228,52,162.7,2,53
94,1,18,216,52,163.6,1,17
95,1,16,192,52,164,1,24
96,1,15,180,52,164.2,1,18
97,1,19,228,52,164.2,2,63
98,1,18,216,52,165.6,1,27
99,1,18,216,52,165.7,1,12
100,1,17,204,52,167,1,11
101,1,15,180,52,168.4,1,20
102,1,17,204,52,169.4,3,78
103,1,19,228,52,170,1,27
104,1,15,180,52,170.1,3,72
105,1,16,192,52,170.2,3,79
106,1,15,180,52,172.2,1,17
107,1,17,204,52,173,1,27
108,1,15,180,52,173.4,2,55
109,1,19,228,52,174.5,1,15
110,1,18,216,52,175.7,1,16
111,2,14,168,51.5,155.9,1,24
112,2,15,180,51.1,153.5,3,73
113,1,16,192,51.1,165.5,3,90
114,2,16,192,51,150,3,86
115,2,18,216,51,154.1,2,65
116,2,15,180,51,154.6,3,72
117,2,12,144,51,155.1,3,88
118,2,18,216,51,155.2,3,76
119,2,16,192,51,156,2,64
120,2,17,204,51,156.2,3,79
121,2,18,216,51,156.5,2,60
122,2,19,228,51,157.2,3,89
123,2,19,228,51,157.3,1,17
124,2,17,204,51,159,3,73
125,2,19,228,51,159.3,2,62
126,1,17,204,51,159.6,2,54
127,2,15,180,51,160,1,25
128,2,15,180,51,160.5,2,60
129,1,16,192,51,160.5,1,21
130,1,15,180,51,161,2,68
131,2,16,192,51,161.3,3,84
132,1,18,216,51,161.5,3,90
133,2,15,180,51,162,1,39
134,1,15,180,51,162.5,1,27
135,2,15,180,51,163.1,1,24
136,1,18,216,51,163.2,2,46
137,1,16,192,51,163.3,3,76
138,1,14,168,51,165.2,1,28
139,2,17,204,50,156.7,2,63
140,2,17,204,50,158,2,56
141,2,18,216,50,159.5,2,57
142,2,18,216,50,159.5,3,81
143,2,17,204,50,159.7,3,73
144,2,17,204,50,159.8,3,77
145,1,14,168,50,160.1,1,15
146,2,16,192,50,160.7,3,74
147,2,13,156,50,161.5,1,12
148,2,16,192,50,162.2,1,10
149,1,17,204,50,162.4,1,20
150,2,19,228,50,163,1,10
151,1,19,228,50,163.1,2,47
152,1,19,228,50,164,2,65
153,1,19,228,50,165,2,47
154,1,17,204,50,166,3,84
155,1,15,180,50,167,1,17
156,1,19,228,50,167.4,3,86
157,1,16,192,50,168.1,2,55
158,1,15,180,50,168.3,3,86
159,1,16,192,50,168.8,3,77
160,1,18,216,50,169,2,62
161,1,17,204,50,169.1,2,45
162,2,18,216,50,169.2,1,25
163,1,15,180,50,169.2,3,76
164,1,18,216,50,170,2,58
165,1,19,228,50,172.5,1,10
166,1,18,216,50,173.1,1,25
167,2,18,216,49.5,156,1,24
168,1,18,216,49.5,158.3,1,10
169,1,18,216,49.5,166.4,1,24
170,2,15,180,49.1,156.5,1,21
171,1,18,216,49.1,160.8,1,16
172,1,16,192,49.1,161.8,3,83
173,2,13,156,49,146.4,2,63
174,2,16,192,49,150.3,3,86
175,2,14,168,49,150.8,3,80
176,1,15,180,49,153.3,1,13
177,2,17,204,49,154,2,68
178,2,15,180,49,154.6,2,64
179,2,15,180,49,154.6,3,78
180,2,15,180,49,155.2,3,86
181,2,18,216,49,156,2,65
182,2,17,204,49,156,1,21
183,1,19,228,49,157.1,2,47
184,2,16,192,49,157.2,3,86
185,2,19,228,49,158,3,85
186,2,16,192,49,159.6,3,85
187,1,19,228,49,160.5,2,61
188,2,19,228,49,161,1,39
189,2,17,204,49,161,3,79
190,1,19,228,49,162,1,27
191,2,15,180,49,162.1,3,75
192,2,16,192,49,163.1,1,16
193,1,17,204,49,164,2,66
194,1,19,228,49,164.3,3,86
195,1,16,192,49,165.6,3,77
196,2,18,216,49,165.8,1,24
197,1,18,216,49,165.8,3,73
198,2,18,216,49,166.1,3,89
199,1,17,204,49,167,1,25
200,1,18,216,48.8,161.1,2,66
201,1,17,204,48.5,164.4,2,56
202,2,15,180,48.1,143,3,81
203,2,18,216,48.1,152.9,3,74
204,2,18,216,48.1,156.6,1,16
205,1,14,168,48.1,161.8,3,87
206,1,16,192,48,131.5,1,18
207,2,17,204,48,148.8,1,20
208,2,14,168,48,150,2,57
209,1,14,168,48,151,1,18
210,2,19,228,48,152,2,58
211,1,18,216,48,152.9,2,66
212,2,17,204,48,152.9,2,42
213,2,17,204,48,153,1,10
214,2,18,216,48,153.1,3,72
215,2,19,228,48,153.2,2,65
216,2,18,216,48,153.9,1,18
217,2,18,216,48,154.1,2,55
218,2,17,204,48,154.5,3,88
219,2,15,180,48,154.7,3,85
220,2,15,180,48,155,2,51
221,2,19,228,48,155,3,88
222,2,18,216,48,155,3,84
223,2,17,204,48,156.1,1,24
224,1,18,216,48,156.5,3,87
225,2,17,204,48,156.6,2,67
226,2,19,228,48,157,3,82
227,1,18,216,48,157.4,2,40
228,1,16,192,48,157.5,2,57
229,2,18,216,48,157.6,1,11
230,1,16,192,48,158.5,2,46
231,1,15,180,48,159.4,3,88
232,2,18,216,48,159.6,3,75
233,2,17,204,48,160,1,12
234,1,18,216,48,160.1,2,55
235,1,15,180,48,160.5,1,17
236,2,17,204,48,160.5,1,15
237,1,16,192,48,160.6,3,76
238,2,18,216,48,161,2,55
239,1,15,180,48,161.3,2,51
240,2,13,156,48,162,2,59
241,2,16,192,48,162.1,1,28
242,2,17,204,48,162.2,2,65
243,2,16,192,48,162.2,1,25
244,2,16,192,48,162.5,1,24
245,1,19,228,48,162.5,3,89
246,1,17,204,48,163.5,2,57
247,2,16,192,48,163.5,3,85
248,1,14,168,48,164,1,28
249,1,18,216,48,164.1,2,42
250,1,17,204,48,164.8,2,51
251,1,13,156,48,165.9,2,55
252,1,18,216,48,166.2,3,77
253,1,17,204,48,166.5,2,64
254,1,19,228,48,168,1,12
255,2,16,192,48,168.2,3,81
256,1,16,192,48,171.3,1,16
257,2,19,228,47.7,172.2,2,66
258,2,16,192,47.5,157.6,2,50
259,1,16,192,47.5,170.1,1,24
260,1,17,204,47.4,168.3,2,67
261,1,17,204,47.3,159.4,2,55
262,2,17,204,47.1,150.2,3,79
263,2,15,180,47.1,157.5,3,74
264,2,16,192,47.1,160.5,3,83
265,1,16,192,47.1,162.5,1,19
266,2,19,228,47,149.5,3,73
267,2,19,228,47,150.6,2,53
268,2,17,204,47,151.5,3,73
269,2,19,228,47,151.8,3,79
270,2,18,216,47,152.5,2,47
271,2,14,168,47,154,1,21
272,2,14,168,47,154.6,2,48
273,2,18,216,47,154.7,1,29
274,2,17,204,47,155,2,59
275,1,18,216,47,155,2,64
276,1,19,228,47,156.4,2,51
277,1,15,180,47,156.5,1,28
278,2,16,192,47,156.7,1,20
279,1,14,168,47,157,2,42
280,2,15,180,47,157.3,3,78
281,2,15,180,47,157.5,2,62
282,1,18,216,47,158.4,2,45
283,1,18,216,47,158.4,1,14
284,1,16,192,47,160.5,2,66
285,2,18,216,47,160.5,1,28
286,1,13,156,47,160.7,1,14
287,2,18,216,47,161,1,23
288,1,15,180,45,156.2,2,41
289,2,16,192,45,156.2,1,12
290,2,14,168,45,156.4,3,90
291,1,18,216,45,156.8,3,72
292,2,15,180,45,157,2,41
293,2,16,192,45,157,1,23
294,1,14,168,45,157,2,55
295,2,16,192,45,157.3,1,29
296,1,18,216,45,157.5,1,17
297,1,16,192,45,158,2,64
298,2,16,192,45,158,3,90
299,2,19,228,45,158.2,3,76
300,1,17,204,45,158.5,2,61
301,2,15,180,45,158.5,1,28
302,2,15,180,45,159,1,15
303,2,15,180,45,159.2,3,83
304,2,19,228,45,159.6,2,51
305,1,18,216,45,159.6,2,40
306,2,16,192,45,159.7,1,29
307,1,17,204,45,160,2,66
308,2,16,192,45,160.4,3,78
309,1,18,216,45,161,2,48
310,1,16,192,45,161,2,47
311,1,16,192,45,161,3,85
312,1,17,204,45,161.1,3,81
313,2,16,192,45,161.2,1,28
314,2,15,180,45,162,2,64
315,2,17,204,45,162,1,11
316,2,17,204,45,162.1,1,39
317,1,13,156,45,162.5,2,50
318,2,18,216,45,162.7,1,29
319,1,17,204,45,163.2,3,86
320,1,18,216,45,163.3,2,63
321,1,17,204,45,163.8,2,65
322,2,14,168,45,165,1,25
323,1,18,216,45,165.4,2,49
324,1,15,180,45,165.5,3,84
325,1,14,168,45,166,2,49
326,1,14,168,45,166.5,2,41
327,1,16,192,45,167.5,1,25
328,1,17,204,45,169,1,25
329,2,18,216,45,169.7,3,75
330,1,19,228,45,175.6,3,86
331,1,15,180,44.5,158.6,1,14
332,2,16,192,44.5,164.4,1,11
333,1,14,168,44.4,154.4,3,82
334,2,18,216,44.2,148.4,2,45
335,1,18,216,44.2,163.4,2,59
336,2,19,228,44.1,151,3,74
337,2,15,180,44.1,152.5,3,77
338,2,17,204,44.1,153.2,1,16
339,1,15,180,44.1,156.9,3,87
340,2,15,180,44.1,157,3,87
341,2,16,192,44.1,162.1,1,19
342,2,16,192,44,142.8,2,47
343,2,15,180,44,146.2,1,17
344,2,18,216,44,147.5,3,71
345,2,17,204,44,147.8,2,50
346,2,19,228,44,148,3,73
347,2,18,216,44,148,3,72
348,1,13,156,44,148.5,2,60
349,2,17,204,44,148.5,3,84
350,2,15,180,44,148.8,2,59
351,2,17,204,44,148.8,2,60
352,2,17,204,44,150.2,1,17
353,2,17,204,44,150.2,1,22
354,2,19,228,44,151,2,67
355,2,18,216,44,151.5,2,51
356,2,17,204,44,151.6,2,42
357,2,18,216,44,152,3,81
358,2,16,192,44,152.6,3,75
359,2,17,204,44,152.7,3,85
360,2,14,168,44,153.5,1,12
361,2,15,180,44,153.7,1,10
362,2,18,216,44,153.7,1,23
363,2,17,204,44,153.7,3,81
364,2,15,180,44,154.6,3,78
365,2,18,216,44,155,1,13
366,2,16,192,44,155,1,29
367,2,16,192,44,155.5,1,15
368,1,11,132,44,155.7,2,60
369,2,16,192,44,155.8,3,75
370,2,18,216,44,156,3,73
371,2,16,192,44,156.5,1,10
372,2,16,192,44,156.5,3,73
373,1,15,180,44,156.7,2,68
374,2,16,192,44,157,2,53
375,2,18,216,44,157,2,62
376,1,18,216,44,157,2,42
377,2,17,204,44,157,3,73
378,2,16,192,44,157,3,76
379,2,13,156,44,157.5,1,20
380,2,18,216,44,157.7,3,78
381,1,17,204,44,157.8,2,46
382,2,15,180,44,158,2,68
383,2,14,168,44,158.4,1,11
384,2,18,216,44,159.4,3,86
385,1,15,180,44,161.1,1,12
386,1,17,204,44,161.2,2,47
387,1,15,180,44,161.8,3,78
388,1,16,192,44,162.7,3,77
389,1,16,192,44,163,1,17
390,2,19,228,44,163.2,3,79
391,1,15,180,44,163.5,2,45
392,1,16,192,44,164.6,3,84
393,1,18,216,44,166,1,25
394,1,17,204,44,166.7,2,62
395,1,15,180,43.6,160.2,2,59
396,2,17,204,43.5,149.6,2,69
397,1,14,168,43.5,153.4,2,56
398,2,18,216,43.5,155.9,1,24
399,1,13,156,43.5,161,2,53
400,2,14,168,43.4,153.7,3,85
401,2,16,192,43.2,156,2,41
402,2,16,192,43.1,146.5,3,87
403,2,18,216,43.1,147.4,3,74
404,2,18,216,43.1,153.5,3,74
405,2,15,180,43.1,154.1,1,16
406,1,16,192,43.1,155.5,1,21
407,2,18,216,43.1,160.3,1,17
408,2,15,180,43,142,2,59
409,2,18,216,43,142.3,2,65
410,2,16,192,43,144.3,3,78
411,2,10,120,43,146.4,2,56
412,2,19,228,43,146.6,1,15
413,2,17,204,43,147.4,3,75
414,2,16,192,43,147.5,3,79
415,2,17,204,43,148,2,61
416,2,18,216,43,148,3,79
417,2,16,192,43,149.2,3,89
418,2,18,216,43,150.2,2,42
419,2,15,180,43,150.3,2,62
420,2,18,216,43,150.3,3,72
421,2,18,216,43,151,1,19
422,2,18,216,43,151,1,15
423,2,18,216,43,151.1,2,58
424,2,18,216,43,151.1,2,61
425,2,16,192,43,151.2,2,60
426,2,19,228,43,151.2,2,55
427,1,14,168,43,151.5,2,54
428,2,16,192,43,151.7,3,76
429,2,13,156,43,152.4,2,50
430,2,15,180,43,152.5,1,29
431,2,18,216,43,152.6,3,81
432,2,16,192,43,152.8,2,58
433,1,16,192,43,152.8,2,42
434,2,15,180,43,153,2,61
435,2,16,192,43,153.1,1,16
436,2,19,228,43,153.2,1,14
437,2,17,204,43,154,1,29
438,2,15,180,43,154,3,72
439,2,18,216,43,154,3,80
440,2,18,216,43,154.5,3,87
441,2,18,216,43,154.6,3,86
442,2,15,180,43,154.7,2,68
443,2,15,180,43,154.7,3,81
444,1,15,180,43,155,1,13
445,2,18,216,43,155,3,84
446,2,16,192,43,155.1,3,87
447,2,19,228,43,156,1,27
448,2,18,216,43,157,3,77
449,1,17,204,43,157.3,3,72
450,1,14,168,43,158,1,10
451,1,17,204,43,158.2,2,49
452,2,15,180,43,159,1,13
453,2,16,192,43,159,1,25
454,2,18,216,43,159.5,1,17
455,1,15,180,43,160,2,65
456,2,15,180,43,160,1,23
457,2,16,192,43,161,2,44
458,1,15,180,43,161.1,1,14
459,1,17,204,43,164,1,23
460,1,14,168,43,164,3,79
461,2,15,180,43,164.2,3,89
462,2,18,216,43,165.5,1,28
463,1,18,216,43,168,1,10
464,2,14,168,42.5,148.4,2,61
465,1,17,204,42.5,155.4,1,14
466,2,18,216,42.3,147.1,1,25
467,2,18,216,42.3,160,3,85
468,2,18,216,42.3,161.5,3,85
469,2,17,204,42.2,150.5,3,74
470,2,15,180,42.1,146,3,73
471,2,19,228,42.1,151.1,3,87
472,2,16,192,42.1,151.6,3,76
473,2,19,228,42.1,152.5,3,87
474,2,18,216,42.1,156,1,19
475,1,14,168,42.1,156.2,1,13
476,2,18,216,42.1,156.8,3,90
477,2,18,216,42.1,158.5,1,19
478,1,15,180,42.1,158.6,1,19
479,2,15,180,42.1,159.9,1,10
480,1,15,180,42.1,161.7,3,76
481,1,17,204,42.1,162.5,1,11
482,1,12,144,42.1,167.1,3,85
483,1,19,228,42,139,2,67
484,2,10,120,42,140,1,15
485,1,14,168,42,142.3,2,42
486,2,14,168,42,143.1,3,74
487,2,15,180,42,144.2,3,90
488,2,14,168,42,145,1,21
489,2,16,192,42,145.4,2,59
490,2,15,180,42,145.5,2,59
491,2,15,180,42,146,2,57
492,2,15,180,42,146.1,1,22
493,2,18,216,42,146.2,3,86
494,2,19,228,42,148.5,1,17
495,2,18,216,42,149,3,88
496,2,11,132,42,149.4,2,46
497,2,18,216,42,150,3,89
498,1,14,168,42,150.2,3,80
499,2,16,192,42,150.3,3,78
500,2,15,180,42,150.3,2,68
501,2,10,120,42,150.8,1,21
502,2,13,156,42,151,1,29
503,2,19,228,42,151,2,55
504,2,19,228,42,151.3,2,58
505,2,16,192,42,151.5,2,57
506,2,17,204,42,151.5,2,58
507,2,18,216,42,151.5,1,27
508,2,17,204,42,152.5,1,28
509,1,18,216,42,152.5,3,79
510,1,14,168,42,152.6,1,22
511,2,16,192,42,153,2,59
512,1,15,180,42,153.1,2,67
513,1,16,192,42,153.3,2,69
514,2,15,180,42,155.5,3,84
515,2,19,228,42,155.6,3,73
516,2,16,192,42,155.7,1,15
517,2,16,192,42,155.7,3,86
518,1,15,180,42,156,2,60
519,2,15,180,42,156.1,2,65
520,1,15,180,42,156.1,3,81
521,2,15,180,42,156.9,2,69
522,2,15,180,42,157,2,46
523,2,15,180,42,157,1,13
524,2,14,168,42,157.6,3,85
525,1,15,180,42,157.9,2,69
526,2,18,216,42,158,3,86
527,2,13,156,42,158.1,1,23
528,1,12,144,42,158.3,1,27
529,2,16,192,42,158.3,1,29
530,1,17,204,42,158.4,2,51
531,2,18,216,42,158.5,3,75
532,1,16,192,42,159.5,1,15
533,1,14,168,42,159.5,1,23
534,2,19,228,42,159.7,2,49
535,1,15,180,42,159.7,3,85
536,2,14,168,42,160.2,3,90
537,1,16,192,42,161,1,25
538,1,16,192,42,161,3,79
539,1,17,204,42,162,2,46
540,1,14,168,42,163,3,86
541,1,17,204,42,163.1,1,16
542,1,16,192,42,163.4,2,40
543,1,13,156,42,163.5,1,11
544,1,14,168,42,165.1,1,20
545,2,19,228,41.5,150.2,2,59
546,1,16,192,41.5,156,2,61
547,2,17,204,41.5,156.3,1,24
548,2,17,204,41.1,150.2,3,76
549,1,15,180,41.1,150.7,1,17
550,2,14,168,41.1,152.9,1,16
551,1,17,204,41.1,163,1,25
552,2,16,192,41,141.6,1,39
553,2,16,192,41,145.5,2,53
554,2,15,180,41,145.6,3,76
555,2,14,168,41,146.2,3,83
556,2,19,228,41,148,2,50
557,2,17,204,41,148.1,2,58
558,2,15,180,41,149,2,61
559,2,16,192,41,149,1,39
560,2,18,216,41,149.3,3,77
561,2,16,192,41,149.7,1,24
562,2,16,192,41,149.7,3,81
563,2,15,180,41,149.8,2,42
564,2,13,156,41,150.1,2,69
565,2,18,216,41,150.1,1,29
566,2,14,168,41,150.3,3,81
567,2,15,180,41,150.5,3,82
568,2,18,216,41,150.7,2,46
569,2,18,216,41,150.7,1,17
570,2,17,204,41,151,2,56
571,2,16,192,41,151,2,45
572,2,19,228,41,151.6,3,89
573,2,17,204,41,152,2,55
574,2,17,204,41,152.3,1,20
575,2,17,204,41,152.7,1,16
576,2,16,192,41,153.1,2,57
577,2,15,180,41,153.1,2,62
578,1,14,168,41,153.2,1,25
579,1,15,180,41,153.4,3,79
580,1,16,192,41,153.4,3,85
581,2,15,180,41,153.7,1,10
582,1,14,168,41,153.7,3,77
583,2,16,192,41,154.3,3,89
584,1,18,216,41,154.4,2,64
585,2,19,228,41,155.5,2,48
586,2,17,204,41,156,2,50
587,1,15,180,41,156.4,3,72
588,1,13,156,41,156.5,2,62
589,2,16,192,41,157,1,24
590,1,14,168,41,157.1,1,23
591,1,14,168,41,157.9,1,24
592,2,18,216,41,158.3,2,55
593,2,17,204,41,158.7,2,69
594,2,18,216,41,158.7,1,29
595,1,15,180,41,158.8,2,62
596,2,16,192,41,159,1,39
597,1,16,192,41,159.1,1,23
598,1,16,192,41,159.2,1,21
599,2,16,192,41,159.5,1,27
600,1,16,192,41,160.2,2,40
601,1,10,120,41,160.9,2,46
602,1,16,192,41,161,1,27
603,1,16,192,41,161,3,88
604,1,19,228,41,161.6,1,16
605,1,15,180,41,161.8,3,88
606,2,17,204,41,162.5,1,12
607,1,15,180,41,163.2,1,18
608,1,18,216,41,164,1,29
609,1,16,192,41,164,1,24
610,1,16,192,41,164.1,3,76
611,2,13,156,40.5,152.1,1,14
612,1,18,216,40.5,154.2,2,68
613,2,19,228,40.5,154.4,1,18
614,2,14,168,40.3,144.7,2,68
615,1,13,156,40.2,156.5,2,68
616,2,17,204,40.1,147.2,3,72
617,1,19,228,40.1,148.5,2,68
618,1,16,192,40.1,165,2,42
619,2,17,204,40,115,3,85
620,2,18,216,40,141.4,2,64
621,2,14,168,40,143,2,66
622,2,12,144,40,143.5,2,61
623,2,12,144,40,143.5,3,80
624,2,12,144,40,143.8,2,66
625,2,16,192,40,145.1,2,61
626,2,15,180,40,145.2,3,78
627,2,15,180,40,146,2,61
628,2,19,228,40,146,3,86
629,2,11,132,40,146.5,3,87
630,2,17,204,40,147,1,22
631,2,18,216,40,147.1,3,82
632,2,12,144,40,147.2,3,71
633,2,16,192,40,147.5,2,44
634,2,18,216,40,148,2,47
635,2,17,204,40,148,1,13
636,2,19,228,40,148.5,3,85
637,2,14,168,40,149,1,11
638,2,16,192,40,149.1,2,42
639,1,15,180,40,149.2,2,56
640,2,16,192,40,149.5,2,57
641,2,12,144,40,149.5,1,18
642,2,16,192,40,150,2,59
643,2,14,168,40,150.4,3,85
644,2,18,216,40,151,1,15
645,2,17,204,40,151,1,23
646,2,17,204,40,151,1,22
647,2,16,192,40,151,1,22
648,2,17,204,40,151,3,77
649,2,16,192,40,151,2,55
650,2,14,168,40,151.1,2,57
651,2,12,144,40,151.1,2,45
652,2,19,228,40,151.5,2,51
653,1,13,156,40,151.5,2,62
654,1,13,156,40,151.7,2,66
655,1,16,192,40,151.8,2,54
656,1,14,168,40,151.8,2,55
657,2,15,180,40,152,3,86
658,1,15,180,40,152.2,3,72
659,2,17,204,40,152.3,1,15
660,2,19,228,40,152.4,2,68
661,1,14,168,40,152.4,3,86
662,2,17,204,40,152.4,3,85
663,2,18,216,40,152.7,2,47
664,2,18,216,40,152.7,1,21
665,1,13,156,40,152.8,2,68
666,1,16,192,40,153,2,59
667,2,15,180,40,153.2,2,68
668,2,15,180,40,153.3,1,27
669,1,18,216,40,153.6,3,86
670,2,15,180,40,154,2,51
671,2,18,216,40,154,2,45
672,2,14,168,40,154,1,39
673,2,17,204,40,154.1,3,75
674,1,13,156,40,154.2,2,67
675,2,13,156,40,154.5,3,80
676,1,14,168,40,154.6,2,68
677,1,14,168,40,154.8,2,40
678,2,18,216,40,154.8,3,77
679,1,16,192,40,155,1,18
680,2,15,180,40,155,1,28
681,2,15,180,40,155,3,75
682,2,16,192,40,155.1,2,44
683,2,16,192,40,155.2,1,12
684,2,13,156,40,155.4,2,42
685,1,14,168,40,155.5,2,69
686,2,18,216,40,155.5,1,25
687,2,14,168,40,155.5,3,84
688,2,14,168,40,155.8,3,85
689,2,17,204,40,156,2,53
690,1,14,168,40,156,2,44
691,1,14,168,40,156.2,2,60
692,1,15,180,40,156.2,2,61
693,2,15,180,40,156.3,1,39
694,1,15,180,40,156.6,1,25
695,1,15,180,40,156.7,1,22
696,1,16,192,40,157.3,2,46
697,2,16,192,40,158.4,1,11
698,1,15,180,40,159.3,1,24
699,1,15,180,40,159.4,2,49
700,2,11,132,40,159.4,1,25
701,2,17,204,40,159.4,3,82
702,2,18,216,40,159.8,3,80
703,2,13,156,40,160,2,62
704,2,16,192,40,160,3,84
705,1,16,192,40,160.5,3,76
706,2,12,144,40,160.5,3,89
707,2,18,216,40,160.8,1,18
708,1,15,180,40,162.1,2,62
709,1,15,180,40,162.5,3,81
710,1,16,192,40,164,1,25
711,2,14,168,39.9,152.5,2,40
712,2,15,180,39.5,154.8,1,24
713,1,14,168,39.5,156.4,1,18
714,1,14,168,39.2,146.1,2,41
715,2,16,192,39.1,152,1,19
716,2,16,192,39.1,158,1,16
717,2,13,156,39,133.6,2,68
718,1,13,156,39,136,1,12
719,2,11,132,39,138.5,3,78
720,1,15,180,39,140.2,1,27
721,2,15,180,39,141,1,29
722,2,13,156,39,141,3,83
723,2,14,168,39,141.9,2,69
724,2,17,204,39,144,1,20
725,2,17,204,39,144.5,2,44
726,2,15,180,39,145.5,3,84
727,2,13,156,39,145.7,2,62
728,1,14,168,39,146,2,66
729,2,17,204,39,146.2,2,62
730,2,16,192,39,147.2,1,22
731,2,12,144,39,147.5,1,18
732,2,11,132,39,148,1,12
733,2,14,168,39,148.4,2,55
734,2,18,216,39,148.5,1,29
735,2,19,228,39,149,1,13
736,2,15,180,39,149,3,73
737,1,14,168,39,149.2,2,55
738,2,16,192,39,150,3,80
739,2,12,144,39,150.3,2,69
740,2,13,156,39,150.5,1,17
741,2,17,204,39,150.6,1,25
742,1,14,168,39,150.7,2,42
743,2,19,228,39,150.8,1,14
744,1,14,168,39,151,2,63
745,1,12,144,39,151.2,2,62
746,1,13,156,39,151.5,1,10
747,2,14,168,39,152,3,75
748,2,15,180,39,152.1,1,28
749,2,12,144,39,152.3,3,89
750,2,19,228,39,152.5,3,77
751,2,14,168,39,153,3,75
752,2,15,180,39,153.4,1,24
753,1,16,192,39,154,1,20
754,1,14,168,39,154.5,1,20
755,2,12,144,39,154.5,1,24
756,2,18,216,39,155.1,1,14
757,2,18,216,39,155.5,1,28
758,2,16,192,39,156,1,39
759,1,17,204,39,156,3,79
760,1,16,192,39,156.2,3,72
761,2,15,180,39,156.6,1,14
762,1,15,180,39,156.6,1,27
763,1,13,156,39,157.6,2,46
764,1,16,192,39,158.5,1,39
765,2,18,216,39,158.6,1,14
766,2,15,180,39,160.3,1,11
767,2,15,180,39,161,1,39
768,2,14,168,39,161,3,75
769,2,15,180,39,161.5,1,28
770,2,17,204,39,161.5,3,76
771,1,18,216,39,163.3,2,61
772,2,14,168,38.5,141.5,2,62
773,2,13,156,38.5,147,2,61
774,2,15,180,38.5,147.1,2,46
775,2,15,180,38.5,149.6,1,14
776,2,19,228,38.5,152,2,49
777,2,15,180,38.5,156,1,24
778,2,11,132,38.5,159.7,2,49
779,1,14,168,38.1,154.2,1,16
780,1,13,156,38,139,1,22
781,1,13,156,38,139.9,1,14
782,1,12,144,38,140.9,2,46
783,2,11,132,38,141,2,69
784,2,12,144,38,141.3,2,67
785,2,13,156,38,142.7,2,67
786,2,18,216,38,142.9,2,68
787,2,12,144,38,143.6,3,89
788,2,16,192,38,144,3,83
789,2,11,132,38,144.3,2,51
790,2,16,192,38,145,2,60
791,2,18,216,38,145,3,73
792,2,16,192,38,145.1,3,89
793,2,16,192,38,145.8,1,20
794,2,16,192,38,147,2,48
795,2,14,168,38,147.7,3,80
796,2,15,180,38,148,2,64
797,2,12,144,38,148,2,50
798,2,12,144,38,148.1,2,60
799,2,10,120,38,148.3,2,69
800,1,13,156,38,148.3,2,63
801,1,12,144,38,148.5,2,57
802,2,14,168,38,149.5,2,54
803,1,14,168,38,149.5,2,68
804,2,15,180,38,149.5,2,41
805,2,12,144,38,149.5,1,39
806,2,18,216,38,149.7,2,69
807,2,19,228,38,150,1,17
808,1,11,132,38,150,2,55
809,2,13,156,38,150.1,3,76
810,2,13,156,38,150.2,1,10
811,1,13,156,38,150.5,2,60
812,1,14,168,38,150.5,1,39
813,2,12,144,38,151,1,25
814,2,15,180,38,151,3,78
815,1,12,144,38,151.4,2,56
816,2,14,168,38,151.4,1,10
817,2,15,180,37,155.2,3,78
818,1,12,144,37,156,2,49
819,1,14,168,37,156.8,3,76
820,2,13,156,37,158,1,10
821,1,15,180,37,158.5,1,25
822,2,16,192,37,159,1,25
823,2,16,192,37,159,1,39
824,1,16,192,37,161.8,2,50
825,1,14,168,37,163.1,1,24
826,1,14,168,37,166,1,24
827,1,15,180,37,178,1,29
828,2,12,144,36.5,144.3,2,52
829,2,13,156,36.5,145.2,2,67
830,2,17,204,36.5,148.7,2,55
831,2,15,180,36.5,149.8,2,52
832,1,13,156,36.5,151.7,2,52
833,2,17,204,36.4,147,2,60
834,2,18,216,36.2,152.2,2,41
835,2,18,216,36.1,146.1,1,21
836,2,15,180,36.1,151.3,1,16
837,2,16,192,36.1,153.8,1,19
838,1,13,156,36,138,2,40
839,2,17,204,36,139.8,3,76
840,2,14,168,36,140,2,61
841,1,16,192,36,141.2,2,40
842,2,13,156,36,143.3,2,40
843,2,12,144,36,144,2,59
844,2,12,144,36,144,2,45
845,2,15,180,36,144.2,1,20
846,2,12,144,36,144.5,2,58
847,2,12,144,36,144.8,2,67
848,2,14,168,36,145.5,2,58
849,2,14,168,36,145.5,2,46
850,1,13,156,36,145.7,3,85
851,1,14,168,36,146,2,66
852,2,14,168,36,146,1,39
853,1,14,168,36,146,3,84
854,2,13,156,36,147.2,2,55
855,2,11,132,36,147.3,1,12
856,2,16,192,36,147.6,3,76
857,2,14,168,36,148.1,3,78
858,1,13,156,36,148.2,1,10
859,2,15,180,36,148.7,2,63
860,2,17,204,36,149,2,49
861,1,13,156,36,149,2,45
862,1,13,156,36,149.1,1,17
863,2,17,204,36,149.2,1,16
864,2,15,180,36,149.5,2,64
865,2,13,156,36,149.5,1,10
866,2,15,180,36,149.5,1,12
867,1,12,144,36,149.5,1,28
868,1,15,180,36,149.6,2,42
869,2,14,168,36,150,2,58
870,2,16,192,36,150,1,22
871,2,15,180,36,150,3,72
872,2,13,156,36,150.1,3,75
873,2,12,144,36,150.2,1,39
874,2,14,168,36,150.4,2,48
875,2,14,168,36,150.5,2,45
876,2,13,156,36,150.7,1,18
877,2,13,156,36,151,1,22
878,2,15,180,36,151.1,1,29
879,1,14,168,36,151.7,2,68
880,2,10,120,36,151.8,3,72
881,1,14,168,36,152,2,55
882,2,11,132,36,152.8,2,62
883,2,10,120,36,153.2,2,57
884,1,15,180,36,154,3,85
885,2,13,156,36,154.2,3,82
886,1,14,168,36,154.4,3,85
887,2,14,168,36,154.5,3,89
888,2,12,144,36,154.8,2,53
889,2,17,204,36,154.9,2,49
890,1,17,204,36,155.5,3,74
891,2,12,144,36,155.6,2,41
892,1,14,168,36,155.8,2,56
893,1,13,156,36,156,3,86
894,2,14,168,36,157.6,1,25
895,2,15,180,36,157.9,1,24
896,2,13,156,36,159.7,3,75
897,1,14,168,35.5,140.5,2,66
898,2,12,144,35.5,152.2,2,50
899,1,12,144,35.1,144.2,2,42
900,2,12,144,35.1,148.2,3,90
901,1,15,180,35.1,154.2,1,16
902,2,15,180,35.1,155.7,3,83
903,1,11,132,35,131.7,2,62
904,1,14,168,35,132.5,2,47
905,2,13,156,35,137.7,2,69
906,1,14,168,35,137.8,3,86
907,1,13,156,35,141.2,2,68
908,2,14,168,35,142,2,55
909,2,12,144,35,142.5,2,48
910,2,14,168,35,142.6,3,89
911,2,15,180,35,143.1,1,11
912,1,14,168,35,143.5,2,57
913,2,10,120,35,143.5,3,83
914,2,15,180,35,144,2,62
915,2,16,192,35,144.1,3,85
916,2,10,120,35,144.4,2,42
917,1,14,168,35,144.5,1,29
918,1,11,132,35,144.5,3,84
919,1,12,144,35,144.8,2,54
920,1,12,144,35,145,3,84
921,1,13,156,35,145.5,2,51
922,2,19,228,35,146,1,13
923,1,13,156,35,146,1,18
924,2,13,156,35,146.4,3,75
925,2,13,156,35,146.5,1,11
926,1,15,180,35,146.6,2,67
927,2,13,156,35,146.8,1,20
928,2,15,180,35,147,1,10
929,2,18,216,35,147.1,1,22
930,2,13,156,35,147.2,2,49
931,2,13,156,35,147.2,1,24
932,1,13,156,35,147.2,3,86
933,2,13,156,35,147.3,3,89
934,1,13,156,35,147.4,2,58
935,2,13,156,35,147.5,1,22
936,1,14,168,35,147.5,3,73
937,2,13,156,35,147.7,2,55
938,1,15,180,35,148,1,14
939,2,15,180,35,148,3,84
940,2,12,144,35,148.1,2,57
941,1,12,144,35,148.4,3,90
942,2,15,180,35,148.5,2,49
943,1,14,168,35,148.7,2,64
944,2,15,180,35,149,1,10
945,2,18,216,35,149.4,2,46
946,1,14,168,35,149.5,2,45
947,2,16,192,35,149.6,3,81
948,1,14,168,35,149.7,3,76
949,2,14,168,35,150,2,58
950,1,14,168,35,150.1,3,72
951,2,14,168,35,150.2,2,46
952,2,15,180,35,150.2,1,22
953,2,12,144,35,150.5,3,90
954,2,13,156,35,150.8,2,46
955,1,15,180,35,151,2,60
956,2,14,168,35,151,1,10
957,2,17,204,35,151,3,81
958,2,17,204,35,151.3,3,82
959,2,16,192,35,151.5,3,85
960,2,14,168,35,151.6,2,53
961,2,16,192,35,151.7,3,76
962,1,13,156,35,152,2,65
963,2,14,168,35,152.1,2,55
964,1,14,168,35,152.5,2,64
965,2,13,156,35,152.5,1,27
966,1,13,156,35,152.5,1,28
967,2,14,168,35,152.6,1,17
968,1,14,168,35,153,2,59
969,2,15,180,35,153.2,2,45
970,1,18,216,35,153.7,1,29
971,2,17,204,35,154.1,1,19
972,1,14,168,35,154.6,3,76
973,2,11,132,35,155.1,2,62
974,1,15,180,35,155.6,2,57
975,1,13,156,35,156.5,3,84
976,2,14,168,35,156.9,2,40
977,2,12,144,35,158.2,3,76
978,1,15,180,34.5,149.2,3,84
979,1,12,144,34.1,148.2,3,71
980,1,13,156,34.1,149.7,3,74
981,2,18,216,34.1,150,1,29
982,2,19,228,34.1,152.5,3,81
983,2,13,156,34,131,3,88
984,2,12,144,34,135.5,2,66
985,2,11,132,34,139,2,49
986,1,15,180,34,140.3,2,53
987,2,15,180,34,140.5,2,62
988,2,17,204,34,143,1,28
989,2,17,204,34,143,3,74
990,2,12,144,34,143.4,3,85
991,2,12,144,34,143.6,3,72
992,2,12,144,34,143.8,1,14
993,2,14,168,34,144,2,58
994,1,10,120,34,144.2,2,54
995,2,13,156,34,144.4,2,61
996,2,11,132,34,144.8,2,69
997,2,15,180,34,144.9,1,16
998,2,13,156,34,145,1,18
999,1,12,144,34,145,3,71
1000,1,14,168,34,145.3,2,50
1001,1,11,132,34,145.6,2,68
1002,2,15,180,34,145.8,2,46
1003,2,15,180,34,146,2,49
1004,2,13,156,34,146,3,88
1005,2,14,168,34,146.2,3,89
1006,2,10,120,34,146.4,2,68
1007,1,13,156,34,146.5,1,25
1008,2,12,144,34,146.6,2,52
1009,2,13,156,34,147,1,22
1010,1,12,144,34,147,3,76
1011,2,16,192,34,147.1,2,51
1012,2,17,204,34,147.5,1,13
1013,1,12,144,34,147.5,1,17
1014,1,10,120,34,147.9,2,41
1015,2,15,180,34,147.9,1,16
1016,2,16,192,34,148,1,10
1017,2,14,168,34,148,3,89
1018,2,12,144,34,148,2,52
1019,2,13,156,34,148.1,1,20
1020,2,11,132,34,148.4,2,65
1021,1,10,120,34,148.5,2,50
1022,2,14,168,34,149.4,3,85
1023,2,17,204,34,149.5,3,77
1024,2,16,192,34,149.5,3,81
1025,1,13,156,34,149.6,2,53
1026,1,14,168,34,149.7,3,90
1027,2,12,144,34,150,2,58
1028,2,18,216,34,150,2,56
1029,2,17,204,34,150,3,79
1030,2,12,144,34,151,2,53
1031,2,15,180,34,151,1,14
1032,2,12,144,34,151,3,83
1033,2,16,192,34,151.1,3,84
1034,1,12,144,34,152.2,2,62
1035,2,15,180,34,152.5,2,58
1036,2,17,204,34,153.3,1,10
1037,1,13,156,34,153.4,1,11
1038,1,14,168,34,154,3,74
1039,1,15,180,34,157,2,57
1040,2,14,168,34,158.4,1,25
1041,2,15,180,34,158.5,1,10
1042,2,16,192,33.5,136.2,1,24
1043,2,12,144,33.5,147.2,1,18
1044,1,16,192,33.5,153.6,1,13
1045,2,16,192,33.4,149.1,3,85
1046,2,10,120,33.2,143,3,82
1047,2,11,132,33.1,141.7,1,17
1048,1,13,156,33.1,147.9,1,16
1049,1,12,144,33.1,148,1,21
1050,2,14,168,33.1,149.2,3,74
1051,1,13,156,33.1,153.1,3,77
1052,1,12,144,33,135.5,2,62
1053,1,11,132,33,136.4,2,61
1054,2,11,132,33,139,3,88
1055,2,12,144,33,140,2,45
1056,1,13,156,33,140.5,2,65
1057,2,14,168,33,140.5,1,20
1058,2,15,180,33,141,3,85
1059,2,13,156,33,141.2,2,69
1060,2,13,156,33,142,2,68
1061,2,12,144,33,143,2,63
1062,2,14,168,33,143.5,3,82
1063,2,13,156,33,143.8,2,55
1064,2,13,156,33,144,2,53
1065,2,13,156,33,144,2,49
1066,2,13,156,33,144.4,2,55
1067,2,14,168,33,144.5,1,17
1068,1,16,192,33,144.6,2,60
1069,2,15,180,33,145,2,63
1070,1,14,168,33,145.6,2,48
1071,2,19,228,33,145.8,3,78
1072,1,12,144,33,146,2,64
1073,2,17,204,33,146,1,11
1074,1,17,204,33,146,1,15
1075,2,14,168,33,146.2,3,71
1076,2,12,144,33,146.4,2,40
1077,2,14,168,33,146.4,2,45
1078,1,13,156,33,146.4,1,12
1079,2,14,168,33,147,1,15
1080,2,14,168,33,147.3,2,55
1081,2,12,144,33,147.4,1,24
1082,1,15,180,33,147.6,3,72
1083,2,10,120,33,147.6,3,75
1084,2,13,156,33,147.8,2,45
1085,1,14,168,33,148,2,68
1086,2,15,180,33,148.5,3,88
1087,2,14,168,33,148.9,1,14
1088,2,18,216,33,149,3,77
1089,2,19,228,33,149.4,1,29
1090,2,13,156,33,149.4,3,76
1091,1,13,156,33,149.5,2,46
1092,2,14,168,33,149.9,1,17
1093,1,13,156,33,150.2,1,10
1094,2,14,168,33,150.3,2,45
1095,2,12,144,33,150.8,3,82
1096,1,15,180,33,151.5,1,24
1097,2,12,144,33,151.9,2,45
1098,1,15,180,33,152.4,3,72
1099,1,13,156,33,152.6,3,80
1100,1,14,168,33,152.7,3,72
1101,1,13,156,33,153,1,15
1102,2,12,144,33,153.2,3,78
1103,2,19,228,33,153.5,1,29
1104,1,16,192,33,153.5,3,84
1105,1,16,192,33,155,1,13
1106,2,15,180,33,155.1,1,11
1107,2,12,144,33,156.8,3,72
1108,1,15,180,33,161.5,1,39
1109,1,11,132,32.5,144,3,84
1110,2,13,156,32.5,146.4,1,14
1111,1,15,180,32.5,147,1,20
1112,1,10,120,32.3,142.8,2,50
1113,1,15,180,32.2,144.5,3,85
1114,2,14,168,32.1,137.5,3,83
1115,2,17,204,32.1,147.6,1,17
1116,1,12,144,32.1,148.8,3,77
1117,1,12,144,32.1,150.8,1,17
1118,1,16,192,32.1,153.3,1,29
1119,1,12,144,32,132.4,2,51
1120,2,12,144,32,133,2,51
1121,1,10,120,32,133.4,1,29
1122,2,14,168,32,133.5,2,60
1123,2,10,120,32,136.7,2,63
1124,2,11,132,32,137,2,66
1125,2,14,168,32,138,1,39
1126,1,13,156,32,138,2,63
1127,1,13,156,32,139,2,57
1128,2,12,144,32,139.2,2,65
1129,1,11,132,32,139.3,2,60
1130,2,10,120,32,139.5,2,69
1131,2,14,168,32,140,2,66
1132,1,12,144,32,140.5,3,76
1133,2,14,168,32,140.6,2,42
1134,2,13,156,32,141,2,66
1135,1,16,192,32,141,2,53
1136,2,15,180,32,141,1,14
1137,2,13,156,32,141.5,2,62
1138,1,12,144,32,141.5,1,28
1139,2,12,144,32,141.5,1,22
1140,1,12,144,32,141.5,3,84
1141,2,10,120,32,141.6,2,50
1142,1,11,132,32,142,2,61
1143,2,12,144,32,142.1,2,51
1144,2,13,156,32,142.2,2,40
1145,1,16,192,32,142.7,2,59
1146,2,12,144,32,143,2,66
1147,2,13,156,32,143.3,1,12
1148,2,10,120,32,143.6,2,45
1149,1,12,144,32,143.6,1,14
1150,1,13,156,32,143.7,2,59
1151,2,14,168,32,143.8,2,53
1152,1,13,156,32,144,1,22
1153,2,17,204,32,144,3,86
1154,1,12,144,32,144.1,2,61
1155,2,14,168,32,144.2,2,47
1156,1,13,156,32,144.2,2,65
1157,1,14,168,32,144.2,2,59
1158,2,12,144,32,144.2,1,17
1159,2,13,156,32,144.3,3,76
1160,1,12,144,32,144.5,2,64
1161,2,12,144,32,145,3,80
1162,1,12,144,32,145.2,2,55
1163,1,15,180,32,145.4,3,86
1164,1,11,132,32,146.1,2,55
1165,2,14,168,32,146.2,1,20
1166,2,13,156,32,146.5,3,84
1167,2,15,180,32,147,2,48
1168,1,12,144,32,147,3,79
1169,2,11,132,32,147.3,3,77
1170,1,12,144,32,147.6,3,85
1171,1,14,168,32,147.8,1,21
1172,2,13,156,32,148,2,51
1173,2,13,156,32,148,2,61
1174,1,13,156,32,148.5,1,24
1175,1,16,192,32,148.6,3,84
1176,1,12,144,32,148.8,1,17
1177,1,13,156,32,149,2,65
1178,2,13,156,32,149.2,2,62
1179,1,15,180,32,149.2,3,88
1180,2,11,132,32,149.5,2,63
1181,2,14,168,32,150.1,2,60
1182,1,13,156,32,150.2,1,24
1183,2,14,168,32,150.3,3,80
1184,1,15,180,32,150.8,2,40
1185,2,13,156,32,150.8,1,24
1186,2,15,180,32,151.1,3,76
1187,2,10,120,32,151.6,2,40
1188,2,13,156,32,152.2,1,22
1189,2,18,216,32,153.2,1,25
1190,2,13,156,32,153.8,1,24
1191,1,15,180,32,157.5,2,51
1192,2,13,156,31.5,141.4,2,45
1193,1,11,132,31.5,142.5,3,84
1194,1,14,168,31.5,142.7,1,20
1195,1,14,168,31.5,143.7,1,20
1196,2,13,156,31.5,154.9,1,18
1197,1,14,168,31.2,139.4,2,42
1198,1,14,168,31.2,146.1,2,45
1199,2,11,132,31.1,129.7,2,53
1200,2,15,180,31.1,144,1,10
1201,1,13,156,31.1,144.2,3,74
1202,2,13,156,31.1,144.8,1,16
1203,2,12,144,31.1,145.8,1,17
1204,2,18,216,31.1,148,1,19
1205,1,16,192,31.1,156.8,1,16
1206,1,15,180,31.1,158.2,1,10
1207,1,10,120,31,132.9,2,55
1208,2,10,120,31,133.8,2,67
1209,1,11,132,31,134,2,68
1210,1,11,132,31,135,2,67
1211,1,11,132,31,136,2,60
1212,2,12,144,31,136.9,2,62
1213,2,13,156,31,137.2,2,68
1214,1,13,156,31,138,2,61
1215,2,11,132,31,139.4,2,59
1216,2,12,144,31,140,2,57
1217,1,13,156,31,140,2,42
1218,1,14,168,31,140,3,80
1219,2,13,156,31,140.2,2,67
1220,2,13,156,31,140.2,2,49
1221,2,11,132,31,140.5,2,60
1222,1,14,168,31,140.5,3,88
1223,1,13,156,31,140.6,1,18
1224,1,13,156,31,140.7,2,61
1225,2,12,144,31,142,2,64
1226,1,13,156,31,142,1,28
1227,2,11,132,31,142,3,84
1228,1,12,144,31,142.5,3,84
1229,1,14,168,31,142.6,2,42
1230,2,12,144,31,142.6,3,80
1231,1,13,156,31,142.7,3,87
1232,2,12,144,31,143.2,2,50
1233,1,12,144,31,143.7,1,15
1234,2,12,144,31,143.7,1,27
1235,1,12,144,31,144,2,47
1236,2,13,156,31,144,1,10
1237,2,13,156,31,144.9,1,16
1238,1,12,144,31,145,2,61
1239,2,13,156,31,145.2,1,28
1240,1,14,168,31,145.5,2,65
1241,1,12,144,31,145.5,1,10
1242,2,13,156,31,146.6,1,25
1243,2,16,192,31,146.7,2,45
1244,1,13,156,31,147,1,27
1245,1,15,180,31,147,1,22
1246,1,14,168,31,147.2,2,63
1247,2,12,144,31,147.4,2,45
1248,1,12,144,31,147.7,2,66
1249,2,15,180,31,147.9,1,14
1250,2,10,120,31,148,2,61
1251,2,13,156,31,148,1,11
1252,1,11,132,31,148,1,10
1253,2,15,180,31,148.5,3,83
1254,1,12,144,31,148.7,3,77
1255,2,16,192,31,149,2,61
1256,2,14,168,31,149.5,2,46
1257,2,12,144,31,149.7,1,29
1258,2,12,144,31,150,3,84
1259,2,13,156,31,150.5,1,12
1260,2,14,168,31,150.6,3,76
1261,2,14,168,31,151,3,88
1262,1,15,180,31,152,3,77
1263,2,15,180,31,153,1,39
1264,1,16,192,31,153.8,2,55
1265,2,16,192,31,155,2,61
1266,1,12,144,30.6,141,2,59
1267,1,12,144,30.5,146.2,1,24
1268,2,15,180,30.3,143.5,2,50
1269,2,12,144,30.1,142.6,1,16
1270,2,10,120,30.1,142.8,3,83
1271,1,14,168,30.1,147.1,1,17
1272,1,14,168,30.1,147.4,3,71
1273,1,12,144,30.1,151,3,74
1274,1,11,132,30,105.8,2,59
1275,2,14,168,30,127.3,2,50
1276,2,12,144,30,128.2,2,67
1277,2,11,132,30,131.3,2,40
1278,2,11,132,30,133.2,2,50
1279,1,11,132,30,133.5,2,66
1280,2,12,144,30,133.6,2,57
1281,2,10,120,30,134,2,66
1282,1,15,180,30,134.2,3,88
1283,1,10,120,30,134.7,2,63
1284,2,12,144,30,135,1,23
1285,1,12,144,30,135.6,2,57
1286,1,12,144,30,136,3,73
1287,1,12,144,30,136.2,2,57
1288,1,13,156,30,136.2,2,68
1289,1,11,132,30,136.3,2,60
1290,1,12,144,30,136.4,2,49
1291,1,12,144,30,136.8,2,60
1292,1,10,120,30,137.3,2,67
1293,1,12,144,30,137.3,1,11
1294,2,13,156,30,137.3,1,39
1295,2,13,156,30,137.5,2,66
1296,2,10,120,30,138,2,68
1297,2,13,156,30,138,2,49
1298,2,10,120,30,138,1,12
1299,1,12,144,30,138.2,2,60
1300,2,12,144,30,138.5,2,51
1301,2,14,168,30,138.5,2,51
1302,2,13,156,30,138.5,3,84
1303,2,12,144,30,138.7,1,19
1304,1,16,192,30,138.7,1,27
1305,2,10,120,30,139,2,62
1306,2,15,180,30,139.5,3,74
1307,1,13,156,30,139.6,2,51
1308,1,11,132,30,139.6,2,69
1309,2,14,168,30,139.8,3,72
1310,2,10,120,30,140,2,62
1311,1,14,168,30,140,1,12
1312,1,12,144,30,140.2,2,60
1313,2,12,144,30,140.4,1,25
1314,2,12,144,30,140.5,2,63
1315,2,11,132,30,140.6,2,66
1316,1,14,168,30,140.7,3,85
1317,2,11,132,30,141.2,2,56
1318,1,12,144,30,141.3,2,69
1319,2,12,144,30,141.4,3,75
1320,2,14,168,30,141.5,2,48
1321,2,10,120,30,141.5,2,58
1322,1,13,156,30,141.5,1,24
1323,2,11,132,30,141.6,2,45
1324,2,17,204,30,141.6,1,12
1325,2,10,120,30,141.7,2,56
1326,1,12,144,30,142,2,42
1327,2,12,144,30,142,3,78
1328,2,12,144,30,142.2,2,59
1329,2,13,156,30,142.4,3,88
1330,1,13,156,30,142.5,2,48
1331,2,12,144,30,142.5,2,57
1332,1,14,168,30,142.6,3,74
1333,2,15,180,30,143,3,88
1334,2,12,144,30,143,3,81
1335,2,14,168,30,143.1,3,86
1336,1,14,168,30,143.2,3,76
1337,2,12,144,30,143.4,2,53
1338,1,12,144,30,143.5,1,15
1339,1,12,144,30,143.6,3,80
1340,1,18,216,30,143.7,2,42
1341,2,14,168,30,143.7,2,42
1342,1,12,144,30,144,2,61
1343,2,12,144,30,144,3,85
1344,1,13,156,30,144.1,2,59
1345,2,10,120,30,144.4,2,67
1346,2,14,168,30,144.4,1,10
1347,1,12,144,30,144.5,3,76
1348,1,11,132,30,144.6,3,75
1349,2,13,156,30,144.6,3,86
1350,1,14,168,30,144.7,3,72
1351,2,12,144,30,145,2,62
1352,1,13,156,30,145,2,41
1353,2,11,132,30,145,3,77
1354,1,12,144,30,145,2,63
1355,2,15,180,30,145.3,1,22
1356,2,16,192,30,145.4,3,81
1357,2,12,144,30,145.5,1,39
1358,2,14,168,30,145.6,1,14
1359,1,14,168,30,145.8,2,58
1360,1,14,168,30,146,3,74
1361,1,14,168,30,146.4,3,79
1362,1,11,132,30,147,2,40
1363,2,15,180,30,147.2,3,86
1364,2,15,180,30,147.9,3,82
1365,2,13,156,30,148.4,1,14
1366,1,14,168,30,148.8,3,81
1367,2,16,192,30,149.1,2,45
1368,1,14,168,30,150.1,2,49
1369,1,12,144,30,150.6,3,77
1370,1,10,120,29.5,138.1,1,14
1371,1,12,144,29.5,144.4,1,14
1372,2,12,144,29.2,141.5,2,41
1373,1,10,120,29.1,129.8,3,87
1374,1,14,168,29.1,138.1,3,72
1375,1,11,132,29,124.2,2,57
1376,1,13,156,29,129.9,2,40
1377,2,12,144,29,131,2,59
1378,2,11,132,29,131,1,13
1379,2,12,144,29,131.2,2,61
1380,1,10,120,29,132.8,2,64
1381,1,10,120,29,133,2,47
1382,1,12,144,29,135.2,2,45
1383,2,11,132,29,135.3,3,84
1384,2,15,180,29,135.5,3,82
1385,1,10,120,29,135.8,2,67
1386,2,12,144,29,136,1,10
1387,1,10,120,29,136.1,2,57
1388,1,12,144,29,136.1,1,15
1389,2,10,120,29,136.5,2,64
1390,1,12,144,29,136.6,2,54
1391,2,10,120,29,136.7,2,52
1392,1,12,144,29,137.1,2,65
1393,1,10,120,29,137.4,3,71
1394,1,12,144,29,137.7,1,18
1395,1,12,144,29,137.7,3,80
1396,2,11,132,29,138,1,29
1397,2,14,168,29,138.2,3,83
1398,1,11,132,29,139,3,73
1399,2,12,144,29,139.3,2,64
1400,2,13,156,29,139.7,2,57
1401,1,13,156,29,139.7,3,89
1402,1,12,144,29,140,2,57
1403,1,12,144,29,140,1,12
1404,1,15,180,27.5,148.7,1,24
1405,1,10,120,27.1,133.8,1,16
1406,1,10,120,27.1,134.8,3,90
1407,2,14,168,27.1,137.1,1,21
1408,2,14,168,27.1,138,1,16
1409,2,14,168,27.1,139.5,3,83
1410,1,14,168,27.1,143,3,90
1411,1,14,168,27.1,144.2,3,87
1412,1,14,168,27.1,145.4,1,11
1413,2,10,120,27,129.3,2,67
1414,2,11,132,27,130.1,1,16
1415,2,11,132,27,131,1,15
1416,1,10,120,27,131.2,2,59
1417,2,11,132,27,131.8,2,63
1418,1,11,132,27,131.9,1,18
1419,1,10,120,27,132,2,48
1420,1,10,120,27,132.1,2,67
1421,1,12,144,27,133,3,88
1422,2,10,120,27,133,3,90
1423,1,17,204,27,133.2,2,53
1424,2,10,120,27,133.5,2,52
1425,1,11,132,27,134,1,10
1426,2,12,144,27,135,2,57
1427,2,11,132,27,135,1,19
1428,1,12,144,27,135.2,2,41
1429,2,11,132,27,135.4,2,61
1430,2,14,168,27,135.4,2,63
1431,2,12,144,27,135.5,2,67
1432,1,12,144,27,135.7,3,87
1433,1,11,132,27,136.1,2,62
1434,1,14,168,27,136.2,3,77
1435,1,12,144,27,136.4,2,58
1436,1,12,144,27,136.5,2,63
1437,2,10,120,27,136.6,2,52
1438,1,12,144,27,136.8,3,89
1439,1,12,144,27,137,1,23
1440,1,12,144,27,137,2,52
1441,2,13,156,27,137.2,1,15
1442,1,11,132,27,137.2,1,21
1443,1,12,144,27,137.4,1,39
1444,2,10,120,27,137.5,3,72
1445,1,11,132,27,137.6,3,89
1446,1,14,168,27,137.9,2,46
1447,1,12,144,27,138,2,46
1448,2,11,132,27,138,1,10
1449,2,10,120,27,138.2,1,17
1450,1,11,132,27,138.4,1,23
1451,1,12,144,27,138.8,2,58
1452,2,11,132,27,139,1,21
1453,1,19,228,27,139,1,22
1454,1,12,144,27,139.1,2,46
1455,1,12,144,27,139.2,1,16
1456,1,10,120,27,139.2,3,75
1457,1,11,132,27,140.1,1,16
1458,2,12,144,27,140.2,1,13
1459,1,12,144,27,140.2,3,72
1460,2,11,132,27,140.4,1,27
1461,1,13,156,27,140.5,1,28
1462,2,13,156,27,140.5,1,25
1463,1,17,204,27,140.5,3,72
1464,2,14,168,27,140.7,3,81
1465,2,11,132,27,140.8,3,74
1466,2,13,156,27,140.8,3,77
1467,1,11,132,27,141,1,28
1468,2,10,120,27,141.3,1,21
1469,2,12,144,27,141.8,2,42
1470,2,12,144,27,142.2,3,85
1471,2,10,120,27,142.4,2,57
1472,2,12,144,27,144.5,1,18
1473,2,14,168,27,145,3,77
1474,2,13,156,27,145.5,3,75
1475,1,13,156,27,145.8,1,19
1476,2,12,144,27,146,2,68
1477,2,18,216,27,147,2,58
1478,2,12,144,27,147,1,27
1479,1,16,192,27,148.5,1,10
1480,2,13,156,26.6,132.8,2,68
1481,2,10,120,26.6,133.4,1,11
1482,1,11,132,26.5,132.4,1,20
1483,1,11,132,26.5,138.9,1,24
1484,1,10,120,26.1,132,1,13
1485,1,13,156,26.1,133.6,1,13
1486,2,11,132,26.1,134.5,3,74
1487,2,15,180,26.1,135.6,3,74
1488,1,13,156,26.1,137.7,1,21
1489,2,12,144,26.1,143.3,1,16
1490,1,14,168,26.1,144.4,3,72
1491,1,10,120,26,126.4,2,61
1492,1,10,120,26,127,3,89
1493,1,10,120,26,128,2,45
1494,1,13,156,26,128.2,2,56
1495,2,10,120,26,129,2,62
1496,2,10,120,26,129.5,2,59
1497,1,11,132,26,130,2,58
1498,2,11,132,26,130,2,41
1499,1,10,120,26,130,1,11
1500,1,12,144,26,130.6,2,62
1501,2,11,132,26,130.9,2,40
1502,2,10,120,26,131,2,46
1503,1,13,156,26,131,3,85
1504,1,11,132,26,131.1,2,41
1505,1,13,156,26,131.1,2,58
1506,1,10,120,26,131.5,3,84
1507,1,10,120,26,132.1,3,75
1508,2,10,120,26,132.4,2,59
1509,2,10,120,26,132.4,3,84
1510,2,11,132,26,132.7,2,46
1511,1,14,168,26,133.2,1,17
1512,2,12,144,26,133.3,3,87
1513,2,12,144,26,133.5,2,66
1514,2,13,156,26,133.6,2,53
1515,2,10,120,26,133.7,2,66
1516,1,12,144,26,133.7,2,63
1517,1,13,156,26,134,2,54
1518,1,11,132,26,134.1,3,73
1519,2,10,120,26,134.2,3,90
1520,1,10,120,26,134.3,3,87
1521,2,19,228,26,134.5,2,65
1522,2,11,132,26,134.6,3,88
1523,2,11,132,26,134.7,2,64
1524,1,14,168,26,134.7,3,85
1525,2,12,144,26,135,1,22
1526,2,12,144,26,135,3,79
1527,2,13,156,26,135.1,3,72
1528,1,10,120,26,135.1,3,75
1529,2,12,144,26,135.4,3,72
1530,2,12,144,26,135.4,3,76
1531,2,10,120,26,135.5,2,50
1532,1,12,144,26,136,1,11
1533,2,11,132,26,136,3,87
1534,2,10,120,26,136.4,2,42
1535,2,10,120,26,136.5,1,11
1536,1,13,156,26,136.5,1,22
1537,2,11,132,26,136.6,2,57
1538,1,11,132,26,137,1,29
1539,1,12,144,26,137.5,3,89
1540,1,10,120,26,137.6,1,25
1541,2,13,156,26,137.6,3,86
1542,2,12,144,26,138,2,45
1543,1,10,120,26,138.1,2,48
1544,2,12,144,26,138.4,2,65
1545,1,11,132,26,138.5,1,15
1546,1,14,168,26,138.5,3,85
1547,2,14,168,26,138.6,3,86
1548,2,10,120,26,138.8,3,74
1549,1,13,156,26,139,1,12
1550,1,10,120,26,139.2,3,83
1551,1,15,180,26,139.7,1,24
1552,2,13,156,26,139.8,3,76
1553,1,12,144,26,139.8,3,88
1554,2,12,144,26,140,3,84
1555,1,10,120,26,140.2,1,25
1556,1,11,132,26,140.4,1,12
1557,2,13,156,26,140.5,1,20
1558,2,13,156,26,140.6,2,52
1559,2,10,120,26,140.9,1,24
1560,2,13,156,26,141,3,78
1561,1,10,120,25.5,126.4,2,42
1562,2,16,192,25.5,136.3,2,60
1563,2,12,144,25.5,136.5,2,41
1564,1,11,132,25.1,131.8,1,19
1565,1,13,156,25.1,134.5,3,74
1566,2,11,132,25.1,137.2,1,17
1567,1,11,132,25,120.8,2,68
1568,1,11,132,25,122,2,68
1569,2,10,120,25,123,2,66
1570,2,10,120,25,124.3,2,53
1571,1,10,120,25,124.4,2,59
1572,2,11,132,25,126,2,67
1573,1,10,120,25,126.6,2,66
1574,2,10,120,25,127,2,52
1575,2,11,132,25,127.3,2,51
1576,2,12,144,25,127.4,2,56
1577,2,10,120,25,127.5,2,56
1578,1,10,120,25,128,2,48
1579,2,10,120,25,128.2,2,64
1580,2,10,120,25,128.5,2,51
1581,1,12,144,25,128.7,2,40
1582,1,11,132,25,129,2,51
1583,1,11,132,25,129,1,12
1584,1,10,120,25,129,1,16
1585,2,10,120,25,129.4,2,63
1586,1,11,132,25,129.5,2,60
1587,1,10,120,25,129.8,2,51
1588,1,10,120,25,130,1,11
1589,2,10,120,25,130,1,12
1590,1,12,144,25,130,1,12
1591,2,10,120,25,130,1,12
1592,1,11,132,25,130,1,21
1593,1,13,156,25,130,3,73
1594,1,10,120,25,130.1,3,82
1595,1,11,132,25,130.4,2,50
1596,2,11,132,25,130.5,2,65
1597,1,10,120,25,130.5,2,63
1598,1,12,144,25,131,3,72
1599,1,10,120,25,131.2,1,39
1600,1,10,120,25,131.3,2,67
1601,2,12,144,25,131.4,3,72
1602,1,11,132,25,131.5,3,84
1603,1,10,120,25,131.6,2,67
1604,1,10,120,25,131.9,2,65
1605,2,12,144,25,132,2,66
1606,2,10,120,25,132,2,42
1607,2,12,144,25,132,3,89
1608,2,12,144,25,132.2,3,88
1609,1,11,132,25,132.3,3,90
1610,1,13,156,25,132.4,2,41
1611,1,14,168,25,133,2,53
1612,1,11,132,25,133,1,22
1613,1,10,120,25,133,1,22
1614,2,10,120,25,133,3,73
1615,2,10,120,25,133,3,89
1616,2,12,144,25,133,3,88
1617,1,13,156,25,133.4,1,14
1618,2,12,144,25,133.4,3,87
1619,1,10,120,25,133.5,2,58
1620,1,15,180,25,133.5,1,13
1621,1,10,120,25,133.7,3,75
1622,2,10,120,25,133.8,3,76
1623,2,12,144,25,134.2,3,89
1624,2,10,120,25,134.3,2,48
1625,2,10,120,25,134.3,2,49
1626,2,10,120,25,134.4,1,39
1627,1,10,120,25,134.4,3,76
1628,2,10,120,25,134.5,1,28
1629,2,10,120,25,134.5,3,75
1630,2,12,144,25,134.8,3,76
1631,1,12,144,25,135,1,28
1632,1,13,156,25,135,1,22
1633,1,11,132,25,135,1,39
1634,2,14,168,25,135,3,79
1635,1,12,144,25,135.1,3,72
1636,1,11,132,25,135.2,3,77
1637,1,10,120,25,135.3,3,77
1638,1,10,120,25,135.5,1,15
1639,1,15,180,25,135.5,1,15
1640,1,12,144,25,135.5,1,23
1641,1,11,132,25,135.5,3,90
1642,1,12,144,25,135.6,2,42
1643,1,11,132,25,135.6,2,58
1644,2,12,144,25,135.6,3,72
1645,2,13,156,25,136,2,57
1646,1,14,168,25,136,1,12
1647,1,12,144,25,136.1,1,23
1648,2,11,132,25,136.2,1,20
1649,2,12,144,25,136.5,2,51
1650,1,10,120,25,136.5,3,86
1651,2,12,144,25,136.5,2,52
1652,1,10,120,25,136.8,1,24
1653,2,10,120,25,136.9,1,17
1654,2,11,132,25,137,2,51
1655,2,10,120,25,137,3,89
1656,1,10,120,25,137.1,3,84
1657,1,11,132,25,137.5,2,65
1658,2,12,144,25,137.5,3,77
1659,2,14,168,25,137.8,2,58
1660,2,12,144,25,138,3,85
1661,2,12,144,25,138.5,3,80
1662,1,12,144,25,139,3,73
1663,1,13,156,25,139.5,2,48
1664,2,10,120,25,139.5,2,49
1665,2,13,156,25,139.6,1,21
1666,1,12,144,25,140.2,2,49
1667,1,13,156,25,141,1,23
1668,1,14,168,25,142,1,28
1669,2,13,156,25,142.8,1,28
1670,2,10,120,25,144.6,2,49
1671,2,14,168,25,145,1,20
1672,2,12,144,25,148.5,3,82
1673,2,12,144,24.5,133.6,1,20
1674,1,12,144,24.5,133.8,1,24
1675,1,12,144,24.5,141.1,1,20
1676,1,11,132,24.1,129.6,3,87
1677,1,10,120,24.1,130,3,74
1678,1,11,132,24.1,132.3,1,21
1679,1,12,144,24.1,133,1,21
1680,1,11,132,24.1,135,3,90
1681,2,12,144,24.1,136.2,1,16
1682,1,10,120,24,118,2,68
1683,1,10,120,24,120,2,66
1684,1,10,120,24,121.8,2,55
1685,1,12,144,24,124.3,2,66
1686,2,10,120,24,125.6,2,68
1687,2,11,132,24,127,2,61
1688,1,12,144,24,127.2,2,56
1689,1,10,120,24,127.2,2,49
1690,1,10,120,24,127.3,2,55
1691,1,10,120,24,129,2,65
1692,2,13,156,24,129.1,2,65
1693,1,11,132,24,129.4,2,68
1694,2,10,120,24,129.6,1,18
1695,2,10,120,24,130,1,11
1696,1,12,144,24,130,3,88
1697,1,11,132,24,130,3,86
1698,1,10,120,24,130.4,1,39
1699,1,10,120,24,130.5,3,84
1700,2,11,132,24,130.7,2,68
1701,1,10,120,24,130.8,2,65
1702,2,10,120,24,131,1,21
1703,2,11,132,24,131,3,89
1704,1,11,132,24,131,3,88
1705,1,14,168,24,131.4,2,40
1706,1,12,144,24,131.4,3,83
1707,2,10,120,24,131.5,1,14
1708,2,10,120,24,131.5,2,63
1709,2,11,132,24,132.2,1,20
1710,1,12,144,24,132.9,2,53
1711,1,12,144,24,133,1,27
1712,1,12,144,24,133,1,27
1713,1,15,180,24,133.1,3,72
1714,1,11,132,24,133.3,3,77
1715,2,17,204,24,133.5,2,47
1716,2,11,132,24,133.5,2,62
1717,1,12,144,24,133.5,3,78
1718,1,12,144,24,134,3,81
1719,1,12,144,24,134.4,3,86
1720,2,12,144,24,134.4,2,50
1721,1,10,120,24,134.5,3,90
1722,1,10,120,24,134.5,2,63
1723,2,11,132,24,135.3,2,40
1724,1,12,144,24,135.4,3,72
1725,2,11,132,24,135.4,3,90
1726,1,11,132,24,136.1,2,55
1727,1,11,132,24,136.2,1,13
1728,1,12,144,24,136.5,3,85
1729,2,12,144,24,136.8,3,86
1730,1,11,132,24,136.8,2,55
1731,2,11,132,24,137.5,1,13
1732,2,14,168,24,138,3,78
1733,1,14,168,24,138.5,3,77
1734,1,14,168,24,139.1,3,87
1735,1,12,144,24,141,3,75
1736,1,13,156,24,143,2,40
1737,1,10,120,24,144.4,1,10
1738,2,10,120,23.5,131.7,1,24
1739,1,11,132,23.5,132.3,2,59
1740,1,14,168,23.5,133.4,1,20
1741,1,10,120,23.4,133.5,1,11
1742,1,11,132,23.3,125.3,2,66
1743,1,11,132,23.2,124.8,2,40
1744,1,11,132,23.2,130.3,2,40
1745,1,11,132,23.1,130,1,21
1746,2,10,120,23.1,131,3,81
1747,2,13,156,23.1,132.8,3,90
1748,2,10,120,23.1,132.9,3,87
1749,1,15,180,23.1,135.6,3,90
1750,2,10,120,23.1,136.9,1,21
1751,2,12,144,23.1,138.4,3,74
1752,2,10,120,23,119.5,2,56
1753,1,11,132,23,124.3,2,68
1754,2,10,120,23,124.3,2,61
1755,2,11,132,23,125.5,2,53
1756,2,12,144,23,126,2,63
1757,1,11,132,23,126,2,52
1758,2,10,120,23,126.2,2,60
1759,2,10,120,23,126.4,2,63
1760,2,12,144,23,127,2,68
1761,2,11,132,23,127.4,2,55
1762,1,13,156,23,128.4,2,69
1763,2,10,120,23,129,2,51
1764,2,10,120,23,129,2,53
1765,1,10,120,23,129,3,89
1766,2,10,120,23,129.4,2,59
1767,1,12,144,23,129.5,2,65
1768,2,12,144,23,129.5,2,52
1769,2,10,120,23,130,1,18
1770,2,10,120,23,130,1,22
1771,2,11,132,23,130,3,88
1772,2,12,144,23,130,3,86
1773,2,13,156,23,130,3,83
1774,1,13,156,23,130,3,83
1775,1,13,156,23,130.4,1,18
1776,1,10,120,23,130.4,3,72
1777,2,13,156,23,130.5,2,61
1778,1,11,132,23,130.6,2,40
1779,1,11,132,23,131,2,51
1780,2,10,120,23,131,2,67
1781,2,10,120,23,131,3,84
1782,2,11,132,23,131.5,2,42
1783,1,10,120,23,131.5,1,15
1784,1,12,144,23,131.5,3,87
1785,2,10,120,23,132,2,65
1786,2,11,132,23,132,1,13
1787,1,10,120,23,132,1,20
1788,1,11,132,23,132.3,1,21
1789,2,10,120,23,132.3,3,76
1790,2,10,120,23,132.4,2,49
1791,2,10,120,23,132.5,3,75
1792,1,12,144,23,132.5,3,76
1793,1,12,144,23,133,1,23
1794,1,12,144,23,133.1,3,72
1795,1,12,144,23,133.4,1,10
1796,1,12,144,23,133.6,3,72
1797,2,11,132,23,134.4,1,22
1798,2,12,144,23,134.8,3,78
1799,2,13,156,23,134.9,1,24
1800,1,11,132,23,135,3,86
1801,2,11,132,23,135.2,1,19
1802,2,11,132,23,135.2,3,77
1803,1,12,144,23,137.2,2,46
1804,2,10,120,23,137.4,3,86
1805,2,10,120,23,140.1,2,45
1806,1,12,144,23,141.7,2,45
1807,1,13,156,23,142.2,2,40
1808,2,13,156,23,143.7,1,25
1809,2,13,156,23,147.8,1,25
1810,1,10,120,22.5,123.3,2,40
1811,1,11,132,22.5,124,2,61
1812,2,14,168,22.5,126.3,2,55
1813,1,13,156,22.5,131.2,2,49
1814,2,15,180,22.5,136.6,1,14
1815,2,12,144,22.5,137.4,1,27
1816,1,12,144,22.1,128.6,3,74
1817,1,10,120,22.1,129.8,3,87
1818,1,11,132,22.1,129.9,3,87
1819,1,10,120,22.1,131.5,3,71
1820,1,10,120,22.1,132.6,3,83
1821,2,10,120,22.1,133.6,3,90
1822,1,10,120,22.1,134.2,3,77
1823,1,15,180,22.1,138.6,1,13
1824,2,10,120,22,120,2,67
1825,1,10,120,22,120,2,61
1826,2,10,120,22,120.3,2,67
1827,1,10,120,22,121.3,2,52
1828,1,11,132,22,122,2,60
1829,2,10,120,22,122.2,2,40
1830,2,10,120,22,122.5,2,54
1831,2,10,120,22,124,2,58
1832,1,10,120,22,124.5,2,66
1833,2,11,132,22,124.5,2,65
1834,1,10,120,22,125,2,65
1835,1,10,120,22,125.2,1,16
1836,1,11,132,22,126,2,40
1837,1,10,120,22,126,1,17
1838,2,11,132,22,126,3,87
1839,1,10,120,22,126.5,1,27
1840,1,10,120,22,126.6,2,61
1841,1,10,120,22,127,2,50
1842,2,10,120,22,127.9,2,51
1843,1,10,120,22,128,1,11
1844,2,10,120,22,128,3,79
1845,2,12,144,22,128.4,2,49
1846,2,15,180,22,128.6,2,41
1847,2,10,120,22,128.8,2,42
1848,1,10,120,22,129,1,10
1849,1,10,120,22,129,1,13
1850,2,10,120,22,129.2,3,82
1851,2,11,132,22,129.4,3,85
1852,1,10,120,22,129.5,3,72
1853,1,10,120,22,129.7,2,61
1854,2,11,132,22,129.8,2,65
1855,1,10,120,22,129.8,2,52
1856,2,12,144,22,130,1,27
1857,2,10,120,22,130,1,27
1858,1,10,120,22,130,1,29
1859,2,10,120,22,130,3,76
1860,1,11,132,22,130,3,88
1861,1,10,120,22,130,3,88
1862,2,12,144,22,130.4,2,41
1863,2,10,120,22,131,3,84
1864,2,10,120,22,131,3,81
1865,2,11,132,22,132,3,73
1866,1,10,120,22,132,3,78
1867,2,11,132,22,132.1,1,20
1868,2,10,120,22,133,3,75
1869,1,10,120,22,133.2,2,41
1870,1,10,120,22,133.8,3,81
1871,2,10,120,22,134.1,3,76
1872,1,10,120,22,134.2,3,75
1873,2,11,132,22,134.4,1,29
1874,1,13,156,22,134.6,2,48
1875,2,10,120,22,134.6,3,89
1876,1,10,120,22,135.5,2,54
1877,2,12,144,22,136,1,28
1878,2,12,144,22,136.5,2,40
1879,1,13,156,22,136.5,1,15
1880,2,12,144,22,136.7,1,39
1881,2,10,120,22,138.2,1,23
1882,2,14,168,22,138.2,3,86
1883,1,13,156,22,138.3,2,46
1884,2,10,120,22,138.8,1,17
1885,1,10,120,22,139,1,13
1886,1,14,168,22,139,3,82
1887,2,13,156,22,139.1,3,84
1888,1,12,144,22,140,1,27
1889,2,13,156,22,140,3,73
1890,1,11,132,22,141,3,86
1891,2,10,120,21.5,126.4,1,20
1892,1,10,120,21.5,128.5,1,27
1893,1,11,132,21.5,128.9,2,52
1894,2,10,120,21.5,130.2,2,49
1895,2,10,120,21.5,130.7,2,69
1896,1,10,120,21.5,132,2,53
1897,2,12,144,21.2,132,3,85
1898,1,10,120,21.1,129.3,3,90
1899,2,10,120,21.1,132,3,85
1900,1,10,120,21,117.5,2,56
1901,1,10,120,21,119,2,51
1902,2,10,120,21,119.8,2,53
1903,2,11,132,21,121.5,2,46
1904,1,10,120,21,122,1,10
1905,2,10,120,21,122.1,2,63
1906,2,11,132,21,123,2,56
1907,2,10,120,21,123.4,2,46
1908,1,10,120,21,123.9,2,52
1909,1,10,120,21,124,2,40
1910,1,12,144,21,124,1,10
1911,2,10,120,21,125,2,65
1912,2,10,120,21,125,3,84
1913,2,12,144,21,125.4,2,61
1914,2,11,132,21,125.5,2,41
1915,2,10,120,21,125.6,2,65
1916,2,10,120,21,126,3,72
1917,1,12,144,21,127.1,2,58
1918,2,11,132,21,127.6,1,13
1919,1,10,120,21,128,2,57
1920,1,11,132,21,128,1,16
1921,1,10,120,21,128,1,21
1922,1,10,120,21,128,3,79
1923,1,10,120,21,128.2,2,61
1924,1,10,120,21,128.2,2,54
1925,2,10,120,21,128.3,2,45
1926,2,10,120,21,128.3,3,72
1927,1,13,156,21,128.5,1,13
1928,2,10,120,21,129.8,3,90
1929,1,11,132,21,130,2,57
1930,2,10,120,21,130,1,18
1931,2,10,120,21,130,1,27
1932,2,10,120,21,130,1,27
1933,1,10,120,21,130,1,29
1934,1,10,120,21,130,3,89
1935,2,10,120,21,130.1,3,87
1936,2,10,120,21,130.3,1,18
1937,2,10,120,21,130.3,3,76
1938,2,10,120,21,130.3,3,76
1939,1,12,144,21,131,3,76
1940,1,10,120,21,131.3,3,75
1941,1,11,132,21,131.5,1,22
1942,2,10,120,21,132.5,2,53
1943,2,10,120,21,132.5,3,72
1944,2,10,120,21,134.1,1,18
1945,1,11,132,21,134.4,2,65
1946,2,11,132,21,134.4,1,25
1947,2,10,120,21,134.9,2,45
1948,1,12,144,21,135,1,29
1949,2,10,120,21,135,3,90
1950,2,11,132,21,136,1,10
1951,1,12,144,21,136.1,3,82
1952,2,11,132,21,137,1,28
1953,1,10,120,21,137,1,23
1954,2,10,120,21,139,1,27
1955,1,10,120,21,139.5,1,27
1956,2,11,132,21,140,3,73
1957,2,10,120,21,140.5,1,28
1958,2,13,156,21,141,3,88
1959,2,13,156,21,141.3,1,28
1960,1,12,144,20.6,138.1,2,68
1961,2,10,120,20.5,129.8,2,68
1962,1,12,144,20.5,130.8,1,24
1963,2,12,144,20.5,132.4,1,24
1964,2,10,120,20.5,132.5,2,69
1965,2,10,120,20.5,132.8,2,67
1966,2,13,156,20.5,135,2,40
1967,2,10,120,20.5,135.2,2,69
1968,2,11,132,20.5,137.6,2,69
1969,1,12,144,20.5,137.9,2,69
1970,2,10,120,20.5,141.3,1,24
1971,1,10,120,20.1,129.2,1,17
1972,2,10,120,20.1,129.3,3,90
1973,2,12,144,20.1,130.4,3,85
1974,1,10,120,20,120,2,51
1975,2,10,120,20,121,3,74
1976,2,10,120,20,121.3,2,51
1977,2,15,180,20,121.3,2,40
1978,2,10,120,20,122.8,2,68
1979,1,13,156,20,123.2,2,61
1980,2,12,144,20,123.7,3,74
1981,1,10,120,20,125,2,60
1982,2,13,156,20,125,2,41
1983,2,10,120,20,125.3,3,87
1984,2,12,144,20,125.5,2,47
1985,1,14,168,20,126,3,90
1986,2,10,120,20,126.2,2,46
1987,2,11,132,20,126.5,3,85
1988,2,12,144,20,126.5,3,83
1989,2,10,120,20,127,2,61
1990,2,10,120,20,127,3,71
1991,1,10,120,20,129,3,86
1992,2,10,120,20,130,1,15
1993,1,10,120,20,130,1,24
1994,2,11,132,20,130,3,88
1995,2,12,144,20,130,3,86
1996,2,10,120,20,130.9,2,45
1997,2,11,132,20,130.9,2,45
1998,2,13,156,20,131,1,15
1999,2,10,120,20,131,1,24
2000,1,12,144,20,131,3,72
2001,2,11,132,20,133.5,1,16
2002,2,10,120,20,133.7,3,85
2003,2,10,120,20,134.2,2,53
2004,2,12,144,20,134.7,1,25
2005,1,10,120,20,135,3,75
2006,1,10,120,20,135.7,2,40
2007,2,10,120,20,136,3,85
2008,2,10,120,20,138,3,85
2009,1,10,120,19.5,124,1,13
2010,2,11,132,19.5,130.5,1,24
2011,1,12,144,19.5,134.5,1,24
2012,2,10,120,19.1,122,1,19
2013,2,10,120,19,133.5,2,67
2014,2,12,144,18.5,135,3,82
2015,2,14,168,18,113.5,2,66
2016,2,10,120,18,114,2,67
2017,1,11,132,18,120,2,49
2018,2,10,120,18,120.8,2,41
2019,2,11,132,18,123.3,1,18
2020,1,10,120,18,123.4,2,61
2021,2,11,132,18,125.4,3,72
2022,1,10,120,18,126.5,3,90
2023,2,10,120,18,127,1,11
2024,2,12,144,18,127,3,74
2025,2,10,120,18,130,1,39
2026,1,10,120,16.1,122.6,3,74
2027,2,10,120,15,116.5,3,72